URL handle,Title,SEO title,SEO description,Option1 name,Option1 value
18k-gold-plated-saint-benedict-medal-5428350000,18K Gold-Plated Saint Benedict Medal Pendant,Saint Benedict Medal Pendant – 18K Gold Plated | Rommanel,"Saint Benedict medal pendant by Rommanel, plated in 18K gold. A meaningful gift of faith. Shipped Australia-wide from Perth.",Title,Default Title
butterfly-set-0003,18K Gold-Plated Open Butterfly Necklace and Earrings Set,Open Butterfly Necklace and Earrings Set – 18K Gold Plated,"Open butterfly necklace and earrings set by Rommanel, plated in 18K gold. Nickel-free and hypoallergenic. Shipped Australia-wide from Perth.",Title,Default Title
18k-gold-plated-textured-cross-pendant-5430190000,18K Gold-Plated Textured Cross Pendant,Textured Cross Pendant – 18K Gold Plated | Rommanel,"Textured cross pendant by Rommanel, plated in 18K gold. A meaningful gift of faith. Nickel-free and hypoallergenic. Shipped Australia-wide from Perth.",Title,Default Title
mens-18k-gold-plated-chain-5326706000,"Men's 18K Gold-Plated Chain Necklace, 60 cm",Men's Chain Necklace 60 cm – 18K Gold Plated | Rommanel,"Men's chain necklace by Rommanel, plated in 18K gold, 60 cm long. Nickel-free and hypoallergenic. Shipped Australia-wide from Perth.",Title,Default Title
18k-gold-plated-dragonfly-anklet-5506102500,"18K Gold-Plated Dragonfly Anklet, 25 cm",Dragonfly Anklet 25 cm – 18K Gold Plated | Rommanel,"Dragonfly anklet by Rommanel, plated in 18K gold, 25 cm long. Nickel-free and hypoallergenic. Shipped Australia-wide from Perth.",Title,Default Title
18k-gold-plated-choker-with-baroque-pearl-5325605026,18K Gold-Plated Baroque Pearl Pendant Necklace,Baroque Pearl Pendant Necklace – 18K Gold Plated | Rommanel,"Baroque pearl pendant necklace by Rommanel, plated in 18K gold. Nickel-free and hypoallergenic. Shipped Australia-wide from Perth.",Title,Default Title
18k-gold-plated-holy-spirit-earring-5272490000,18K Gold-Plated Holy Spirit Dove Earrings,Holy Spirit Dove Earrings – 18K Gold Plated | Rommanel,"Holy Spirit dove earrings by Rommanel, plated in 18K gold. A meaningful gift of faith. Nickel-free and hypoallergenic. Shipped Australia-wide from Perth.",Title,Default Title
18k-gold-plated-hoop-earring-5236460000,18K Gold-Plated Triple Hoop Earrings,Triple Hoop Earrings – 18K Gold Plated | Rommanel,"Triple hoop earrings by Rommanel, plated in 18K gold. Nickel-free and hypoallergenic. Shipped Australia-wide from Perth.",Title,Default Title
18k-gold-plated-four-leaf-clover-earring-5264770000,18K Gold-Plated Four-Leaf Clover Earrings,Four-Leaf Clover Earrings – 18K Gold Plated | Rommanel,"Four-leaf clover earrings by Rommanel, plated in 18K gold. Nickel-free and hypoallergenic. Shipped Australia-wide from Perth.",Title,Default Title
18k-gold-plated-clip-on-ear-cuff-5260910000,18K Gold-Plated Clip-On Ear Cuff,Clip-On Ear Cuff – 18K Gold Plated | Rommanel,"Clip-on ear cuff by Rommanel, plated in 18K gold. Nickel-free and hypoallergenic. Shipped Australia-wide from Perth.",Title,Default Title
18k-gold-plated-hoop-earrings-with-cubic-zirconia-5272370006,18K Gold-Plated Hoop Earrings with Pear Cubic Zirconia Drops,Hoop Earrings with Pear Cubic Zirconia Drops – 18K Gold Plated,"Hoop earrings with pear cubic zirconia drops by Rommanel, plated in 18K gold. Nickel-free and hypoallergenic. Shipped Australia-wide from Perth.",Title,Default Title
18k-gold-plated-cross-hoop-earring-5267890000,18K Gold-Plated Hoop Earrings with Cross Drops,Hoop Earrings with Cross Drops – 18K Gold Plated | Rommanel,"Hoop earrings with cross drops by Rommanel, plated in 18K gold. A meaningful gift of faith. Shipped Australia-wide from Perth.",Title,Default Title
18k-gold-plated-flower-earring-set-5264230000,18K Gold-Plated Flower Stud Earring Set,Flower Stud Earring Set – 18K Gold Plated | Rommanel,"Flower stud earring set by Rommanel, plated in 18K gold. Nickel-free and hypoallergenic. Shipped Australia-wide from Perth.",Title,Default Title
18k-gold-plated-crosses-scapular-5319116800,"Men's 18K Gold-Plated Cross Scapular Necklace, 68 cm",Men's Cross Scapular Necklace 68 cm – 18K Gold Plated,"Men's cross scapular necklace by Rommanel, plated in 18K gold, 68 cm long. A meaningful gift of faith. Shipped Australia-wide from Perth.",Title,Default Title
18k-gold-plated-unisex-scapular-5319194900,"18K Gold-Plated Our Lady of Mount Carmel Scapular Necklace, 49 cm",Our Lady of Mount Carmel Scapular Necklace 49 cm – 18K Gold Plated,"Our Lady of Mount Carmel scapular necklace by Rommanel, plated in 18K gold, 49 cm long. A meaningful gift of faith. Shipped Australia-wide from Perth.",Title,Default Title
18k-set-gold-plated-butterfly-earrings-and-pendant,18K Gold-Plated Mini Butterfly Necklace and Earrings Set,Mini Butterfly Necklace and Earrings Set – 18K Gold Plated,"Mini butterfly necklace and earrings set by Rommanel, plated in 18K gold. Nickel-free and hypoallergenic. Shipped Australia-wide from Perth.",Title,Default Title
18k-gold-plated-solitaire-earring-with-crystals-5201850006,"18K Gold-Plated Bezel Crystal Stud Earrings, 4 mm",Bezel Crystal Stud Earrings 4 mm – 18K Gold Plated | Rommanel,"Bezel crystal stud earrings by Rommanel, plated in 18K gold, 4 mm. Nickel-free and hypoallergenic. Shipped Australia-wide from Perth.",Title,Default Title
18k-gold-plated-cable-chain-necklace-5304325000,"18K Gold-Plated Cable Chain Necklace, 50 cm",Cable Chain Necklace 50 cm – 18K Gold Plated | Rommanel,"Cable chain necklace by Rommanel, plated in 18K gold, 50 cm long. Nickel-free and hypoallergenic. Shipped Australia-wide from Perth.",Title,Default Title
18k-gold-plated-pet-mom-double-sided-medal-5423880000,18K Gold-Plated Pet Mum Double-Sided Medal Pendant,Pet Mum Double-Sided Medal Pendant – 18K Gold Plated,"Pet Mum double-sided medal pendant by Rommanel, plated in 18K gold. A gift for mum to keep her loved ones close. Shipped Australia-wide from Perth.",Title,Default Title
18k-gold-plated-holy-spirit-pendant-5426970000,18K Gold-Plated Holy Spirit Heart Pendant,Holy Spirit Heart Pendant – 18K Gold Plated | Rommanel,"Holy Spirit heart pendant by Rommanel, plated in 18K gold. A meaningful gift of faith. Nickel-free and hypoallergenic. Shipped Australia-wide from Perth.",Title,Default Title
18k-gold-plated-faith-pendant-with-cubic-zirconia-5426600006,18K Gold-Plated Fé (Faith) Pendant with Cubic Zirconia,Fé (Faith) Pendant with Cubic Zirconia – 18K Gold Plated,"Fé (Faith) pendant with cubic zirconia by Rommanel, plated in 18K gold. A meaningful gift of faith. Shipped Australia-wide from Perth.",Title,Default Title
18k-gold-plated-holy-spirit-pendant-5419330006,18K Gold-Plated Round Holy Spirit Pendant with Cubic Zirconia,Round Holy Spirit Pendant with Cubic Zirconia – 18K Gold Plated,"Round Holy Spirit pendant with cubic zirconia by Rommanel, plated in 18K gold. A meaningful gift of faith. Shipped Australia-wide from Perth.",Title,Default Title
18k-gold-plated-cable-chain-necklace-5309604500,"18K Gold-Plated Cable Chain Necklace, 45 cm",Cable Chain Necklace 45 cm – 18K Gold Plated | Rommanel,"Cable chain necklace by Rommanel, plated in 18K gold, 45 cm long. Nickel-free and hypoallergenic. Shipped Australia-wide from Perth.",Title,Default Title
gargantilha-banhada-a-ouro-18k-fio-grumet-5306944200,"18K Gold-Plated Curb Chain Necklace, 42 cm",Curb Chain Necklace 42 cm – 18K Gold Plated | Rommanel,"Curb chain necklace by Rommanel, plated in 18K gold, 42 cm long. Nickel-free and hypoallergenic. Shipped Australia-wide from Perth.",Title,Default Title
18k-gold-plated-solitaire-earring-with-crystals-5231910006,18K Gold-Plated Crystal Solitaire Stud Earrings,Crystal Solitaire Stud Earrings – 18K Gold Plated | Rommanel,"Crystal solitaire stud earrings by Rommanel, plated in 18K gold. Nickel-free and hypoallergenic. Shipped Australia-wide from Perth.",Title,Default Title
18k-gold-plated-childrens-earrings-5232290000,Children's 18K Gold-Plated Ball Drop Earrings,Children's Ball Drop Earrings – 18K Gold Plated | Rommanel,"Children's ball drop earrings by Rommanel, plated in 18K gold. A sweet first-jewellery gift. Shipped Australia-wide from Perth.",Title,Default Title
18k-gold-plated-set-open-heart-00012026,18K Gold-Plated Open Heart Necklace and Earrings Set,Open Heart Necklace and Earrings Set – 18K Gold Plated,"Open heart necklace and earrings set by Rommanel, plated in 18K gold. Nickel-free and hypoallergenic. Shipped Australia-wide from Perth.",Title,Default Title
18k-gold-plated-hoop-earrings-5240140000,"18K Gold-Plated Textured Hoop Earrings, 1.3 cm",Textured Hoop Earrings 1.3 cm – 18K Gold Plated | Rommanel,"Textured hoop earrings by Rommanel, plated in 18K gold, 1.3 cm. Nickel-free and hypoallergenic. Shipped Australia-wide from Perth.",Title,Default Title
18k-gold-plated-childrens-bow-earrings-5246350000,Children's 18K Gold-Plated Bow Stud Earrings,Children's Bow Stud Earrings – 18K Gold Plated | Rommanel,"Children's bow stud earrings by Rommanel, plated in 18K gold. A sweet first-jewellery gift. Shipped Australia-wide from Perth.",Title,Default Title
18k-gold-plated-hoop-earring-5224420000,"18K Gold-Plated Wide Huggie Hoop Earrings, 1.3 cm",Wide Huggie Hoop Earrings 1.3 cm – 18K Gold Plated | Rommanel,"Wide huggie hoop earrings by Rommanel, plated in 18K gold, 1.3 cm. Nickel-free and hypoallergenic. Shipped Australia-wide from Perth.",Title,Default Title
18k-gold-plated-earring-with-crystals-5232090006,18K Gold-Plated Crystal Ear Climber Earrings,Crystal Ear Climber Earrings – 18K Gold Plated | Rommanel,"Crystal ear climber earrings by Rommanel, plated in 18K gold. Nickel-free and hypoallergenic. Shipped Australia-wide from Perth.",Title,Default Title
18k-gold-plated-oval-hoop-earrings-5209020000,"18K Gold-Plated Oval Hoop Earrings, 1.8 cm",Oval Hoop Earrings 1.8 cm – 18K Gold Plated | Rommanel,"Oval hoop earrings by Rommanel, plated in 18K gold, 1.8 cm. Nickel-free and hypoallergenic. Shipped Australia-wide from Perth.",Title,Default Title
18k-gold-plated-girl-pendant-5406840000,18K Gold-Plated Girl Face Pendant,Girl Face Pendant – 18K Gold Plated | Rommanel,"Girl face pendant by Rommanel, plated in 18K gold. A gift for mum to keep her loved ones close. Shipped Australia-wide from Perth.",Title,Default Title
18k-gold-plated-boy-pendant-5406850000,18K Gold-Plated Boy Face Pendant,Boy Face Pendant – 18K Gold Plated | Rommanel,"Boy face pendant by Rommanel, plated in 18K gold. A gift for mum to keep her loved ones close. Shipped Australia-wide from Perth.",Title,Default Title
18k-gold-plated-choker-with-lock-chain-5304314200,"18K Gold-Plated Lock Chain Necklace, 42 cm",Lock Chain Necklace 42 cm – 18K Gold Plated | Rommanel,"Lock chain necklace by Rommanel, plated in 18K gold, 42 cm long. Nickel-free and hypoallergenic. Shipped Australia-wide from Perth.",Title,Default Title
18k-gold-plated-heart-pendant-with-domed-frieze-5429730000,18K Gold-Plated Grooved Heart Pendant,Grooved Heart Pendant – 18K Gold Plated | Rommanel,"Grooved heart pendant by Rommanel, plated in 18K gold. Add it to your favourite chain. Nickel-free and hypoallergenic. Shipped Australia-wide from Perth.",Title,Default Title
18k-gold-plated-butterfly-pendant-5423050000,18K Gold-Plated Openwork Butterfly Pendant,Openwork Butterfly Pendant – 18K Gold Plated | Rommanel,"Openwork butterfly pendant by Rommanel, plated in 18K gold. Add it to your favourite chain. Shipped Australia-wide from Perth.",Title,Default Title
18k-gold-plated-cross-pendant-with-zirconias-5429150006,18K Gold-Plated Cross Pendant with Cubic Zirconia,Cross Pendant with Cubic Zirconia – 18K Gold Plated | Rommanel,"Cross pendant with cubic zirconia by Rommanel, plated in 18K gold. A meaningful gift of faith. Shipped Australia-wide from Perth.",Title,Default Title
18k-gold-plated-childrens-pendant-boy-54179900,18K Gold-Plated Boy Playing Soccer Pendant,Boy Playing Soccer Pendant – 18K Gold Plated | Rommanel,"Boy playing soccer pendant by Rommanel, plated in 18K gold. A gift for mum to keep her loved ones close. Shipped Australia-wide from Perth.",Title,Default Title
butterfly-earring-plated-in-18k-gold-52756400,18K Gold-Plated Large Openwork Butterfly Earrings,Large Openwork Butterfly Earrings – 18K Gold Plated | Rommanel,"Large openwork butterfly earrings by Rommanel, plated in 18K gold. Nickel-free and hypoallergenic. Shipped Australia-wide from Perth.",Title,Default Title
pendant-with-two-boys-and-a-hollow-heart-18k-gold-plated-54264600,18K Gold-Plated Two Boys and Heart Pendant,Two Boys and Heart Pendant – 18K Gold Plated | Rommanel,"Two boys and heart pendant by Rommanel, plated in 18K gold. A gift for mum to keep her loved ones close. Shipped Australia-wide from Perth.",Title,Default Title
pendant-with-two-girls-and-a-hollow-heart-18k-gold-plated-54264500,18K Gold-Plated Two Girls and Heart Pendant,Two Girls and Heart Pendant – 18K Gold Plated | Rommanel,"Two girls and heart pendant by Rommanel, plated in 18K gold. A gift for mum to keep her loved ones close. Shipped Australia-wide from Perth.",Title,Default Title
18k-gold-plated-boy-and-girl-pendant-54193700,18K Gold-Plated Boy and Girl with Heart Pendant,Boy and Girl with Heart Pendant – 18K Gold Plated | Rommanel,"Boy and girl with heart pendant by Rommanel, plated in 18K gold. A gift for mum to keep her loved ones close. Shipped Australia-wide from Perth.",Title,Default Title
18k-gold-plated-heart-shaped-hoop-earrings-52714600,18K Gold-Plated Hoop Earrings with Heart Drops,Hoop Earrings with Heart Drops – 18K Gold Plated | Rommanel,"Hoop earrings with heart drops by Rommanel, plated in 18K gold. Nickel-free and hypoallergenic. Shipped Australia-wide from Perth.",Title,Default Title
maxi-triple-band-ring-plated-in-18k-gold-with-zirconias-513639,18K Gold-Plated Maxi Triple Band Ring with Cubic Zirconia,Maxi Triple Band Ring with Cubic Zirconia – 18K Gold Plated,"Maxi triple band ring with cubic zirconia by Rommanel, plated in 18K gold. Nickel-free and hypoallergenic. Shipped Australia-wide from Perth.",Title,Default Title
butterfly-earring-plated-in-18k-gold-52656000,"18K Gold-Plated Mini Openwork Butterfly Studs, 0.9 cm",Mini Openwork Butterfly Studs 0.9 cm – 18K Gold Plated,"Mini openwork butterfly studs by Rommanel, plated in 18K gold, 0.9 cm. Nickel-free and hypoallergenic. Shipped Australia-wide from Perth.",Title,Default Title
