URL handle,Title,Type,Product category,Tags,Option1 name,Option1 value,SKU,Google Shopping / Manufacturer part number (MPN)
18k-gold-plated-saint-benedict-medal-5428350000,18K Gold-Plated Saint Benedict Medal Pendant,Pendants,Apparel & Accessories > Jewelry > Charms & Pendants > Pendants,"18k gold plated, faith, saint benedict, medal",Title,Default Title,5428350000,5428350000
18k-gold-plated-pendant-in-the-shape-of-a-girl-with-zirconia-stones-54214206,18K Gold-Plated Pavé Girl Pendant,Pendants,Apparel & Accessories > Jewelry > Charms & Pendants > Pendants,"18k gold plated, family, girl, cubic zirconia",Title,Default Title,54214206,54214206
18k-gold-plated-heart-choker-532413,"18K Gold-Plated Heart Link Necklace, 42 cm",Necklaces,Apparel & Accessories > Jewelry > Necklaces,"18k gold plated, love, heart",Title,Default Title,532413,532413
girl-pendant-plated-in-18k-gold-with-rhodium-plating-54295500,18K Gold-Plated Girl Pendant with Rhodium Plating,Pendants,Apparel & Accessories > Jewelry > Charms & Pendants > Pendants,"18k gold plated, family, girl, two-tone",Title,Default Title,54295500,54295500
18k-gold-plated-butterfly-earrings-with-zirconia-527074,18K Gold-Plated Butterfly Earrings with Navette Cubic Zirconia,Earrings,Apparel & Accessories > Jewelry > Earrings,"18k gold plated, butterfly, cubic zirconia",Title,Default Title,527074,527074
18k-gold-plated-necklace-53069500,"18K Gold-Plated Fine Chain Necklace, 50 cm",Necklaces,Apparel & Accessories > Jewelry > Necklaces,"18k gold plated, chain",Title,Default Title,53069500,53069500
butterfly-set-0003,18K Gold-Plated Open Butterfly Necklace and Earrings Set,Jewellery Sets,Apparel & Accessories > Jewelry > Jewelry Sets,"18k gold plated, butterfly, gift set",Title,Default Title,,
18k-gold-plated-butterfly-pendant-choker-5325615000,18K Gold-Plated Open Butterfly Pendant Necklace,Necklaces,Apparel & Accessories > Jewelry > Necklaces,"18k gold plated, butterfly",Title,Default Title,5325615000,5325615000
18k-gold-plated-textured-cross-pendant-5430190000,18K Gold-Plated Textured Cross Pendant,Pendants,Apparel & Accessories > Jewelry > Charms & Pendants > Pendants,"18k gold plated, faith, cross, unisex",Title,Default Title,5430190000,5430190000
mens-18k-gold-plated-chain-5326706000,"Men's 18K Gold-Plated Chain Necklace, 60 cm",Necklaces,Apparel & Accessories > Jewelry > Necklaces,"18k gold plated, men, chain",Title,Default Title,5326706000,5326706000
18k-gold-plated-dragonfly-anklet-5506102500,"18K Gold-Plated Dragonfly Anklet, 25 cm",Anklets,Apparel & Accessories > Jewelry > Anklets,"18k gold plated, nature, dragonfly",Title,Default Title,5506102500,5506102500
18k-gold-plated-choker-with-baroque-pearl-5325605026,18K Gold-Plated Baroque Pearl Pendant Necklace,Necklaces,Apparel & Accessories > Jewelry > Necklaces,"18k gold plated, pearl",Title,Default Title,5325605026,5325605026
18k-gold-plated-holy-spirit-earring-5272490000,18K Gold-Plated Holy Spirit Dove Earrings,Earrings,Apparel & Accessories > Jewelry > Earrings,"18k gold plated, faith, holy spirit",Title,Default Title,5272490000,5272490000
18k-gold-plated-hoop-earring-5236460000,18K Gold-Plated Triple Hoop Earrings,Earrings,Apparel & Accessories > Jewelry > Earrings,"18k gold plated, hoops",Title,Default Title,5236460000,5236460000
18k-gold-plated-four-leaf-clover-earring-5264770000,18K Gold-Plated Four-Leaf Clover Earrings,Earrings,Apparel & Accessories > Jewelry > Earrings,"18k gold plated, luck, clover",Title,Default Title,5264770000,5264770000
18k-gold-plated-clip-on-ear-cuff-5260910000,18K Gold-Plated Clip-On Ear Cuff,Earrings,Apparel & Accessories > Jewelry > Earrings,"18k gold plated, ear cuff",Title,Default Title,5260910000,5260910000
18k-gold-plated-hoop-earrings-with-cubic-zirconia-5272370006,18K Gold-Plated Hoop Earrings with Pear Cubic Zirconia Drops,Earrings,Apparel & Accessories > Jewelry > Earrings,"18k gold plated, hoops, cubic zirconia",Title,Default Title,5272370006,5272370006
18k-gold-plated-cross-hoop-earring-5267890000,18K Gold-Plated Hoop Earrings with Cross Drops,Earrings,Apparel & Accessories > Jewelry > Earrings,"18k gold plated, faith, cross, hoops",Title,Default Title,5267890000,5267890000
18k-gold-plated-flower-earring-set-5264230000,18K Gold-Plated Flower Stud Earring Set,Earrings,Apparel & Accessories > Jewelry > Earrings,"18k gold plated, nature, flower, studs",Title,Default Title,5264230000,5264230000
18k-gold-plated-crosses-scapular-5319116800,"Men's 18K Gold-Plated Cross Scapular Necklace, 68 cm",Necklaces,Apparel & Accessories > Jewelry > Necklaces,"18k gold plated, faith, cross, men, scapular",Title,Default Title,5319116800,5319116800
18k-gold-plated-unisex-scapular-5319194900,"18K Gold-Plated Our Lady of Mount Carmel Scapular Necklace, 49 cm",Necklaces,Apparel & Accessories > Jewelry > Necklaces,"18k gold plated, faith, our lady, scapular, unisex",Title,Default Title,5319194900,5319194900
18k-gold-plated-necklace-with-lock-chain-5316384200,"18K Gold-Plated Fine Lock Chain Necklace, 42 cm",Necklaces,Apparel & Accessories > Jewelry > Necklaces,"18k gold plated, chain",Title,Default Title,5316384200,5316384200
venetian-choker-plated-in-18k-gold-53131000,"18K Gold-Plated Venetian Chain Necklace, 42 cm",Necklaces,Apparel & Accessories > Jewelry > Necklaces,"18k gold plated, chain",Title,Default Title,53131000,53131000
butterfly-earring-with-openwork-design-18k-gold-plated-5274630000,18K Gold-Plated Openwork Butterfly Earrings,Earrings,Apparel & Accessories > Jewelry > Earrings,"18k gold plated, butterfly, studs",Title,Default Title,5274630000,5274630000
18k-gold-plated-boy-pendant-with-rhodium-plating-54295600,18K Gold-Plated Boy Pendant with Rhodium Plating,Pendants,Apparel & Accessories > Jewelry > Charms & Pendants > Pendants,"18k gold plated, family, boy, two-tone",Title,Default Title,54295600,54295600
18k-gold-plated-half-hoop-earring-set-52701400,"18K Gold-Plated Half Hoop Earring Set, 2 Pairs",Earrings,Apparel & Accessories > Jewelry > Earrings,"18k gold plated, hoops, ana hickmann",Title,Default Title,52701400,52701400
butterfly-earring-plated-in-18k-gold-52709200,"18K Gold-Plated Openwork Butterfly Studs, 1.2 cm",Earrings,Apparel & Accessories > Jewelry > Earrings,"18k gold plated, butterfly, studs",Title,Default Title,52709200,52709200
18k-gold-plated-our-lady-of-aparecida-pendant-with-cubic-zirconia-5416340002,18K Gold-Plated Our Lady of Aparecida Pendant with Blue Cubic Zirconia,Pendants,Apparel & Accessories > Jewelry > Charms & Pendants > Pendants,"18k gold plated, faith, our lady, aparecida, cubic zirconia",Title,Default Title,5416340002,5416340002
18k-set-gold-plated-butterfly-earrings-and-pendant,18K Gold-Plated Mini Butterfly Pendant and Earrings Set,Jewellery Sets,Apparel & Accessories > Jewelry > Jewelry Sets,"18k gold plated, butterfly, gift set",Title,Default Title,,
18k-gold-plated-solitaire-earring-with-crystals-5201850006,"18K Gold-Plated Bezel Crystal Stud Earrings, 4 mm",Earrings,Apparel & Accessories > Jewelry > Earrings,"18k gold plated, studs, crystal",Title,Default Title,5201850006,5201850006
18k-gold-plated-cable-chain-necklace-5304325000,"18K Gold-Plated Cable Chain Necklace, 50 cm",Necklaces,Apparel & Accessories > Jewelry > Necklaces,"18k gold plated, chain",Title,Default Title,5304325000,5304325000
18k-gold-plated-pet-mom-double-sided-medal-5423880000,18K Gold-Plated Pet Mum Double-Sided Medal Pendant,Pendants,Apparel & Accessories > Jewelry > Charms & Pendants > Pendants,"18k gold plated, family, pets, medal",Title,Default Title,5423880000,5423880000
18k-gold-plated-holy-spirit-pendant-5426970000,18K Gold-Plated Holy Spirit Heart Pendant,Pendants,Apparel & Accessories > Jewelry > Charms & Pendants > Pendants,"18k gold plated, faith, holy spirit, heart",Title,Default Title,5426970000,5426970000
18k-gold-plated-faith-pendant-with-cubic-zirconia-5426600006,18K Gold-Plated Fé (Faith) Pendant with Cubic Zirconia,Pendants,Apparel & Accessories > Jewelry > Charms & Pendants > Pendants,"18k gold plated, faith, cubic zirconia",Title,Default Title,5426600006,5426600006
18k-gold-plated-blessed-sacrament-pendant-with-resin-stone-5454290006,18K Gold-Plated Blessed Sacrament Pendant with Resin Stone,Pendants,Apparel & Accessories > Jewelry > Charms & Pendants > Pendants,"18k gold plated, faith, resin",Title,Default Title,5454290006,5454290006
18k-gold-plated-holy-spirit-pendant-5419330006,18K Gold-Plated Round Holy Spirit Pendant with Cubic Zirconia,Pendants,Apparel & Accessories > Jewelry > Charms & Pendants > Pendants,"18k gold plated, faith, holy spirit, cubic zirconia",Title,Default Title,5419330006,5419330006
18k-gold-plated-cable-chain-necklace-5309604500,"18K Gold-Plated Cable Chain Necklace, 45 cm",Necklaces,Apparel & Accessories > Jewelry > Necklaces,"18k gold plated, chain",Title,Default Title,5309604500,5309604500
gargantilha-banhada-a-ouro-18k-fio-grumet-5306944200,"18K Gold-Plated Curb Chain Necklace, 42 cm",Necklaces,Apparel & Accessories > Jewelry > Necklaces,"18k gold plated, chain",Title,Default Title,5306944200,5306944200
18k-gold-plated-solitaire-earring-with-crystals-5231910006,18K Gold-Plated Crystal Solitaire Stud Earrings,Earrings,Apparel & Accessories > Jewelry > Earrings,"18k gold plated, studs, crystal",Title,Default Title,5231910006,5231910006
childrens-18k-gold-plated-solitaire-heart-earrings-with-cubic-zirconia-5242250006,Children's 18K Gold-Plated Heart Stud Earrings with Cubic Zirconia,Earrings,Apparel & Accessories > Jewelry > Earrings,"18k gold plated, kids, heart, studs, cubic zirconia",Title,Default Title,5242250006,5242250006
18k-gold-plated-childrens-earrings-5232290000,Children's 18K Gold-Plated Ball Drop Earrings,Earrings,Apparel & Accessories > Jewelry > Earrings,"18k gold plated, kids",Title,Default Title,5232290000,5232290000
18k-gold-plated-set-open-heart-00012026,18K Gold-Plated Open Heart Necklace and Earrings Set,Jewellery Sets,Apparel & Accessories > Jewelry > Jewelry Sets,"18k gold plated, love, heart, gift set, cubic zirconia",Title,Default Title,,
18k-gold-plated-hoop-earrings-5240140000,"18K Gold-Plated Textured Hoop Earrings, 1.3 cm",Earrings,Apparel & Accessories > Jewelry > Earrings,"18k gold plated, hoops",Title,Default Title,5240140000,5240140000
18k-gold-plated-childrens-bow-earrings-5246350000,Children's 18K Gold-Plated Bow Stud Earrings,Earrings,Apparel & Accessories > Jewelry > Earrings,"18k gold plated, kids, bow, studs",Title,Default Title,5246350000,5246350000
18k-gold-plated-hoop-earring-5224420000,"18K Gold-Plated Wide Huggie Hoop Earrings, 1.3 cm",Earrings,Apparel & Accessories > Jewelry > Earrings,"18k gold plated, hoops",Title,Default Title,5224420000,5224420000
18k-gold-plated-earring-with-crystals-5232090006,18K Gold-Plated Crystal Ear Climber Earrings,Earrings,Apparel & Accessories > Jewelry > Earrings,"18k gold plated, ear climber, crystal",Title,Default Title,5232090006,5232090006
18k-gold-plated-oval-hoop-earrings-5209020000,"18K Gold-Plated Oval Hoop Earrings, 1.8 cm",Earrings,Apparel & Accessories > Jewelry > Earrings,"18k gold plated, hoops",Title,Default Title,5209020000,5209020000
18k-gold-plated-necklace-53030700,"18K Gold-Plated Hammered Chain Necklace, 42 cm",Necklaces,Apparel & Accessories > Jewelry > Necklaces,"18k gold plated, chain",Title,Default Title,53030700,53030700
gargantilha-com-pingente-solitario-banhada-a-ouro-18k-53200506,"18K Gold-Plated Solitaire Pendant Necklace, 40 cm",Necklaces,Apparel & Accessories > Jewelry > Necklaces,"18k gold plated, giovanna antonelli, cubic zirconia",Title,Default Title,53200506,53200506
18k-gold-plated-heart-pendant-5429910000,18K Gold-Plated Puffed Heart Pendant,Pendants,Apparel & Accessories > Jewelry > Charms & Pendants > Pendants,"18k gold plated, love, heart",Title,Default Title,5429910000,5429910000
52080700,"18K Gold-Plated Classic Hoop Earrings, 1.8 cm",Earrings,Apparel & Accessories > Jewelry > Earrings,"18k gold plated, hoops",Title,Default Title,52080700,52080700
18k-gold-plated-hoop-earrings-5209010000,"18K Gold-Plated Smooth Hoop Earrings, 1.6 cm",Earrings,Apparel & Accessories > Jewelry > Earrings,"18k gold plated, hoops",Title,Default Title,5209010000,5209010000
butterfly-earring-plated-in-18k-gold-with-rhodium-plating-52016400,18K Gold-Plated Butterfly Studs with Rhodium Plating,Earrings,Apparel & Accessories > Jewelry > Earrings,"18k gold plated, butterfly, studs, two-tone",Title,Default Title,52016400,52016400
18k-gold-plated-earrings-with-pearls-and-crystals-52407012,18K Gold-Plated Pearl and Crystal Stud Earrings,Earrings,Apparel & Accessories > Jewelry > Earrings,"18k gold plated, pearl, crystal, studs",Title,Default Title,52407012,52407012
18k-gold-plated-butterfly-earrings-with-zirconia-52639506,18K Gold-Plated Mini Butterfly Studs with Cubic Zirconia,Earrings,Apparel & Accessories > Jewelry > Earrings,"18k gold plated, butterfly, studs, cubic zirconia",Title,Default Title,52639506,52639506
18k-gold-plated-ear-cuff-earring-with-zirconias-52273106,18K Gold-Plated Cubic Zirconia Ear Climber Earrings,Earrings,Apparel & Accessories > Jewelry > Earrings,"18k gold plated, ear climber, cubic zirconia",Title,Default Title,52273106,52273106
brinco-circulos-entrelacados-banhado-a-ouro-18k-52431000,18K Gold-Plated Interlocking Circles Earrings,Earrings,Apparel & Accessories > Jewelry > Earrings,"18k gold plated, studs",Title,Default Title,52431000,52431000
18k-gold-plated-earrings-with-synthetic-pearls-5220930026,18K Gold-Plated Pearl Drop Earrings,Earrings,Apparel & Accessories > Jewelry > Earrings,"18k gold plated, pearl",Title,Default Title,5220930026,5220930026
18k-gold-plated-girl-pendant-5406840000,18K Gold-Plated Girl Face Pendant,Pendants,Apparel & Accessories > Jewelry > Charms & Pendants > Pendants,"18k gold plated, family, girl",Title,Default Title,5406840000,5406840000
18k-gold-plated-boy-pendant-5406850000,18K Gold-Plated Boy Face Pendant,Pendants,Apparel & Accessories > Jewelry > Charms & Pendants > Pendants,"18k gold plated, family, boy",Title,Default Title,5406850000,5406850000
18k-gold-plated-choker-with-lock-chain-5304314200,"18K Gold-Plated Lock Chain Necklace, 42 cm",Necklaces,Apparel & Accessories > Jewelry > Necklaces,"18k gold plated, chain",Title,Default Title,5304314200,5304314200
18k-gold-plated-heart-pendant-with-domed-frieze-5429730000,18K Gold-Plated Grooved Heart Pendant,Pendants,Apparel & Accessories > Jewelry > Charms & Pendants > Pendants,"18k gold plated, love, heart",Title,Default Title,5429730000,5429730000
18k-gold-plated-butterfly-pendant-5423050000,18K Gold-Plated Openwork Butterfly Pendant,Pendants,Apparel & Accessories > Jewelry > Charms & Pendants > Pendants,"18k gold plated, butterfly",Title,Default Title,5423050000,5423050000
18k-gold-plated-cross-pendant-with-zirconias-5429150006,18K Gold-Plated Cross Pendant with Cubic Zirconia,Pendants,Apparel & Accessories > Jewelry > Charms & Pendants > Pendants,"18k gold plated, faith, cross, cubic zirconia",Title,Default Title,5429150006,5429150006
18k-gold-plated-childrens-pendant-boy-54179900,18K Gold-Plated Boy Playing Soccer Pendant,Pendants,Apparel & Accessories > Jewelry > Charms & Pendants > Pendants,"18k gold plated, family, boy",Title,Default Title,54179900,54179900
butterfly-earring-plated-in-18k-gold-52756400,18K Gold-Plated Large Openwork Butterfly Earrings,Earrings,Apparel & Accessories > Jewelry > Earrings,"18k gold plated, butterfly",Title,Default Title,52756400,52756400
pendant-with-two-boys-and-a-hollow-heart-18k-gold-plated-54264600,18K Gold-Plated Two Boys and Heart Pendant,Pendants,Apparel & Accessories > Jewelry > Charms & Pendants > Pendants,"18k gold plated, family, boy, heart",Title,Default Title,54264600,54264600
pendant-with-two-girls-and-a-hollow-heart-18k-gold-plated-54264500,18K Gold-Plated Two Girls and Heart Pendant,Pendants,Apparel & Accessories > Jewelry > Charms & Pendants > Pendants,"18k gold plated, family, girl, heart",Title,Default Title,54264500,54264500
18k-gold-plated-boy-and-girl-pendant-54193700,18K Gold-Plated Boy and Girl with Heart Pendant,Pendants,Apparel & Accessories > Jewelry > Charms & Pendants > Pendants,"18k gold plated, family, boy, girl, heart",Title,Default Title,54193700,54193700
18k-gold-plated-heart-shaped-hoop-earrings-52714600,18K Gold-Plated Hoop Earrings with Heart Drops,Earrings,Apparel & Accessories > Jewelry > Earrings,"18k gold plated, love, heart, hoops",Title,Default Title,52714600,52714600
maxi-ring-with-intertwined-wires-18k-gold-plated-with-sphere-5135301400,18K Gold-Plated Maxi Wire Ring with Sphere,Rings,Apparel & Accessories > Jewelry > Rings,"18k gold plated, statement",Title,Default Title,5135301400,5135301400
maxi-triple-band-ring-plated-in-18k-gold-with-zirconias-513639,18K Gold-Plated Maxi Triple Band Ring with Cubic Zirconia,Rings,Apparel & Accessories > Jewelry > Rings,"18k gold plated, statement, cubic zirconia",Title,Default Title,513639,513639
butterfly-earring-plated-in-18k-gold-52656000,"18K Gold-Plated Mini Openwork Butterfly Studs, 0.9 cm",Earrings,Apparel & Accessories > Jewelry > Earrings,"18k gold plated, butterfly, studs",Title,Default Title,52656000,52656000
hoop-earrings-with-cubic-zirconia-18k-gold-plated-52677006,18K Gold-Plated Hoop Earrings with Cubic Zirconia Drops,Earrings,Apparel & Accessories > Jewelry > Earrings,"18k gold plated, hoops, cubic zirconia",Title,Default Title,52677006,52677006
18k-gold-plated-heart-earrings-52754600,18K Gold-Plated Beaded Heart Stud Earrings,Earrings,Apparel & Accessories > Jewelry > Earrings,"18k gold plated, love, heart, studs",Title,Default Title,52754600,52754600
lotso-and-strawberry-bracelet-18k-gold-plated-with-resin-application-552191,18K Gold-Plated Lotso and Strawberry Bracelet,Bracelets,Apparel & Accessories > Jewelry > Bracelets,"18k gold plated, kids, disney, resin",Title,Default Title,552191,552191
18k-gold-plated-boy-pendant-with-zirconia-5419260006,18K Gold-Plated Boy on a Swing Pendant with Cubic Zirconia,Pendants,Apparel & Accessories > Jewelry > Charms & Pendants > Pendants,"18k gold plated, family, boy, cubic zirconia",Title,Default Title,5419260006,5419260006
18k-gold-plated-starfish-earrings-5276090000,18K Gold-Plated Starfish Stud Earrings,Earrings,Apparel & Accessories > Jewelry > Earrings,"18k gold plated, nature, starfish, studs",Title,Default Title,5276090000,5276090000
18k-gold-plated-skinny-infinity-ring-5136231400,18K Gold-Plated Skinny Infinity Ring,Rings,Apparel & Accessories > Jewelry > Rings,"18k gold plated, stacking",Title,Default Title,5136231400,5136231400
double-band-ring-plated-in-18k-gold-with-spheres-and-cubic-zirconia-5135511206,18K Gold-Plated Double Band Ring with Spheres and Cubic Zirconia,Rings,Apparel & Accessories > Jewelry > Rings,"18k gold plated, stacking, cubic zirconia",Title,Default Title,5135511206,5135511206
skinny-butterfly-ring-plated-in-18k-gold-with-cubic-zirconia-5134831606,18K Gold-Plated Skinny Butterfly Ring with Cubic Zirconia,Rings,Apparel & Accessories > Jewelry > Rings,"18k gold plated, butterfly, stacking, cubic zirconia",Title,Default Title,5134831606,5134831606
choker-with-customizable-pendant-plate-18k-gold-plated-5326235000,18K Gold-Plated Personalised Bar Necklace,Necklaces,Apparel & Accessories > Jewelry > Necklaces,"18k gold plated, personalised",Title,Default Title,5326235000,5326235000
brinco-coracao-banhado-a-ouro-18k-com-cristais-522372,18K Gold-Plated Heart Crystal Earrings,Earrings,Apparel & Accessories > Jewelry > Earrings,"18k gold plated, love, heart, crystal",Title,Default Title,522372,522372
18k-gold-plated-earrings-with-crystals-and-synthetic-pearls-52395112,18K Gold-Plated Crystal and Pearl Drop Earrings,Earrings,Apparel & Accessories > Jewelry > Earrings,"18k gold plated, pearl, crystal",Title,Default Title,52395112,52395112
curved-earring-with-cubic-zirconia-18k-gold-plated-52751906,18K Gold-Plated Curved Cubic Zirconia Earrings,Earrings,Apparel & Accessories > Jewelry > Earrings,"18k gold plated, statement, cubic zirconia",Title,Default Title,52751906,52751906
gargantilha-com-pingente-esfera-banhada-a-ouro-18k-53254900,"18K Gold-Plated Ball Pendant Necklace, 45 cm",Necklaces,Apparel & Accessories > Jewelry > Necklaces,18k gold plated,Title,Default Title,53254900,53254900
gold-plated-butterfly-earring-with-zirconias-527326,18K Gold-Plated Pavé Butterfly Stud Earrings,Earrings,Apparel & Accessories > Jewelry > Earrings,"18k gold plated, butterfly, studs, cubic zirconia",Title,Default Title,527326,527326
18k-gold-plated-triangle-earring-set-with-zirconias-52728406,18K Gold-Plated Triangle Stud and Hoop Earring Set,Earrings,Apparel & Accessories > Jewelry > Earrings,"18k gold plated, hoops, studs, cubic zirconia",Title,Default Title,52728406,52728406
18k-gold-plated-half-hoop-earrings-527079,"18K Gold-Plated Ribbed Half Hoop Earrings, 1.3 cm",Earrings,Apparel & Accessories > Jewelry > Earrings,"18k gold plated, hoops",Title,Default Title,527079,527079
childrens-solitaire-earring-plated-in-18k-gold-with-crystals-52409206,Children's 18K Gold-Plated Star Stud Earrings with Crystal,Earrings,Apparel & Accessories > Jewelry > Earrings,"18k gold plated, kids, star, studs, crystal",Title,Default Title,52409206,52409206
wavy-hoop-earring-plated-in-18k-gold-with-rhodium-plating-52038800,18K Gold-Plated Wavy Hoop Earrings with Rhodium Plating,Earrings,Apparel & Accessories > Jewelry > Earrings,"18k gold plated, hoops, two-tone",Title,Default Title,52038800,52038800
brinco-argola-banhado-a-ouro-18k-com-zirconias-52321406,18K Gold-Plated Huggie Hoop Earrings with Cubic Zirconia,Earrings,Apparel & Accessories > Jewelry > Earrings,"18k gold plated, hoops, cubic zirconia",Title,Default Title,52321406,52321406
18k-gold-plated-hook-earring-with-spheres-527166,18K Gold-Plated Filigree Ball Drop Earrings,Earrings,Apparel & Accessories > Jewelry > Earrings,"18k gold plated, statement",Title,Default Title,527166,527166
18k-gold-plated-choker-with-salamander-wire-531779,"18K Gold-Plated Salamander Chain Choker, 38 cm",Necklaces,Apparel & Accessories > Jewelry > Necklaces,"18k gold plated, chain, choker",Title,Default Title,531779,531779
double-link-bracelet-in-solid-925-silver-85011000,"925 Sterling Silver Double Link Bracelet, 19 cm",Bracelets,Apparel & Accessories > Jewelry > Bracelets,925 sterling silver,Title,Default Title,85011000,85011000
solid-925-sterling-silver-heart-solitaire-pendant-with-cubic-zirconia-84022533,925 Sterling Silver Red Heart Pendant with Cubic Zirconia,Pendants,Apparel & Accessories > Jewelry > Charms & Pendants > Pendants,"925 sterling silver, love, heart, cubic zirconia",Title,Default Title,84022533,84022533
925-sterling-silver-gourmet-link-necklace-830054,"925 Sterling Silver Gourmet Chain Necklace, 50 cm",Necklaces,Apparel & Accessories > Jewelry > Necklaces,"925 sterling silver, chain",Title,Default Title,830054,830054
solid-925-sterling-silver-butterfly-earrings-82029000,925 Sterling Silver Beaded Butterfly Stud Earrings,Earrings,Apparel & Accessories > Jewelry > Earrings,"925 sterling silver, butterfly, studs",Title,Default Title,82029000,82029000
solitaire-teardrop-earring-in-925-sterling-silver-with-cubic-zirconia-82026206,925 Sterling Silver Teardrop Cubic Zirconia Stud Earrings,Earrings,Apparel & Accessories > Jewelry > Earrings,"925 sterling silver, studs, cubic zirconia",Title,Default Title,82026206,82026206
butterfly-earring-in-925-sterling-silver-with-cubic-zirconia-stones-82023006,925 Sterling Silver Butterfly Stud Earrings with Cubic Zirconia,Earrings,Apparel & Accessories > Jewelry > Earrings,"925 sterling silver, butterfly, studs, cubic zirconia",Title,Default Title,82023006,82023006
3mm-925-sterling-silver-ball-earrings-82021200,"925 Sterling Silver Ball Stud Earrings, 3 mm",Earrings,Apparel & Accessories > Jewelry > Earrings,"925 sterling silver, studs, kids",Title,Default Title,82021200,82021200
925-sterling-silver-hoop-earrings-with-cubic-zirconia-82016906,925 Sterling Silver Huggie Hoop Earrings with Cubic Zirconia,Earrings,Apparel & Accessories > Jewelry > Earrings,"925 sterling silver, hoops, cubic zirconia",Title,Default Title,82016906,82016906
childrens-crown-earrings-18k-gold-plated-52494800,Children's 18K Gold-Plated Crown Stud Earrings,Earrings,Apparel & Accessories > Jewelry > Earrings,"18k gold plated, kids, crown, studs",Title,Default Title,52494800,52494800
childrens-bird-earrings-18k-gold-plated-52409500,Children's 18K Gold-Plated Bird Drop Earrings,Earrings,Apparel & Accessories > Jewelry > Earrings,"18k gold plated, kids, nature, bird",Title,Default Title,52409500,52409500
18k-gold-plated-earrings-with-zirconias-52405106,18K Gold-Plated Pavé Heart Stud Earrings,Earrings,Apparel & Accessories > Jewelry > Earrings,"18k gold plated, love, heart, studs, cubic zirconia",Title,Default Title,52405106,52405106
18k-gold-plated-half-hoop-earring-with-zirconias-527094,18K Gold-Plated Pavé Half Hoop Earrings,Earrings,Apparel & Accessories > Jewelry > Earrings,"18k gold plated, hoops, cubic zirconia",Title,Default Title,527094,527094
18k-gold-plated-half-hoop-earrings-52672600,"18K Gold-Plated Smooth Half Hoop Earrings, 1.3 cm",Earrings,Apparel & Accessories > Jewelry > Earrings,"18k gold plated, hoops",Title,Default Title,52672600,52672600
childrens-bracelet-plated-in-18k-gold-with-beads-55010400,"Children's 18K Gold-Plated Bead Bracelet, 14 cm",Bracelets,Apparel & Accessories > Jewelry > Bracelets,"18k gold plated, kids",Title,Default Title,551202,551202
18k-gold-plated-choker-with-diamond-shaped-chain-53146800,"18K Gold-Plated Diamond-Shaped Link Necklace, 42 cm",Necklaces,Apparel & Accessories > Jewelry > Necklaces,"18k gold plated, chain",Title,Default Title,53146800,53146800
18k-gold-plated-choker-with-lock-chain-53163800,"18K Gold-Plated Fine Lock Chain Necklace, 42 cm",Necklaces,Apparel & Accessories > Jewelry > Necklaces,"18k gold plated, chain",Title,Default Title,53163800,53163800
butterfly-earring-plated-in-18k-gold-with-synthetic-stones-52756627,18K Gold-Plated Black Butterfly Stud Earrings,Earrings,Apparel & Accessories > Jewelry > Earrings,"18k gold plated, butterfly, studs",Title,Default Title,52756627,52756627
butterfly-earring-plated-in-18k-gold-with-synthetic-stones-52756506,18K Gold-Plated White Butterfly Stud Earrings,Earrings,Apparel & Accessories > Jewelry > Earrings,"18k gold plated, butterfly, studs",Title,Default Title,52756506,52756506
18k-gold-plated-dometer-earring-52747800,18K Gold-Plated Teardrop Stud Earrings,Earrings,Apparel & Accessories > Jewelry > Earrings,"18k gold plated, studs",Title,Default Title,52747800,52747800
18k-gold-plated-earring-with-sphere-52047000,"18K Gold-Plated Ball Stud Earrings, 8 mm",Earrings,Apparel & Accessories > Jewelry > Earrings,"18k gold plated, studs",Title,Default Title,52047000,52047000
18k-gold-plated-sphere-earrings-52024600,"18K Gold-Plated Ball Stud Earrings, 4 mm",Earrings,Apparel & Accessories > Jewelry > Earrings,"18k gold plated, studs",Title,Default Title,52024600,52024600
18k-gold-plated-openwork-hoop-earrings-52317900,"18K Gold-Plated Openwork Hoop Earrings, 1.4 cm",Earrings,Apparel & Accessories > Jewelry > Earrings,"18k gold plated, hoops",Title,Default Title,52317900,52317900
18k-gold-plated-hoop-earrings-52290600,"18K Gold-Plated Plain Hoop Earrings, 1.7 cm",Earrings,Apparel & Accessories > Jewelry > Earrings,"18k gold plated, hoops",Title,Default Title,52290600,52290600
half-eternity-ring-in-925-silver-with-cubic-zirconia-81022806,925 Sterling Silver Half Eternity Ring with Cubic Zirconia,Rings,Apparel & Accessories > Jewelry > Rings,"925 sterling silver, stacking, cubic zirconia",Size,N,,
half-eternity-ring-in-925-silver-with-cubic-zirconia-81022806,,,,,,P,,
half-eternity-ring-in-925-silver-with-cubic-zirconia-81022806,,,,,,R,,
half-eternity-ring-in-925-silver-with-cubic-zirconia-81022806,,,,,,T1/2,,
half-eternity-ring-in-925-silver-with-cubic-zirconia-81022806,,,,,,V1/2,,
half-eternity-ring-in-925-silver-with-cubic-zirconia-81022806,,,,,,Y,,
half-eternity-ring-in-925-silver-with-cubic-zirconia-81022806,,,,,,Z+1,,
925-sterling-silver-gourmet-link-choker-830053,"925 Sterling Silver Gourmet Chain Necklace, 42 cm",Necklaces,Apparel & Accessories > Jewelry > Necklaces,"925 sterling silver, chain",Title,Default Title,830053,830053
925-sterling-silver-teardrop-pendant-with-cubic-zirconia-8400480010,925 Sterling Silver Green Teardrop Pendant with Cubic Zirconia,Pendants,Apparel & Accessories > Jewelry > Charms & Pendants > Pendants,"925 sterling silver, cubic zirconia",Title,Default Title,8400480010,8400480010
teardrop-earrings-in-925-sterling-silver-with-cubic-zirconia-82011810,925 Sterling Silver Green Teardrop Stud Earrings,Earrings,Apparel & Accessories > Jewelry > Earrings,"925 sterling silver, studs, cubic zirconia",Title,Default Title,82011810,82011810
925-sterling-silver-solitaire-ring-with-cubic-zirconia-510139,925 Sterling Silver Solitaire Ring with Cubic Zirconia,Rings,Apparel & Accessories > Jewelry > Rings,"925 sterling silver, cubic zirconia",Ring size,N,,
925-sterling-silver-solitaire-ring-with-cubic-zirconia-510139,,,,,,P,,
925-sterling-silver-solitaire-ring-with-cubic-zirconia-510139,,,,,,R,,
925-sterling-silver-solitaire-ring-with-cubic-zirconia-510139,,,,,,T1/2,,
925-sterling-silver-solitaire-ring-with-cubic-zirconia-510139,,,,,,V1/2,,
925-sterling-silver-solitaire-ring-with-cubic-zirconia-510139,,,,,,Y,,
925-sterling-silver-solitaire-ring-with-cubic-zirconia-510139,,,,,,Z+1,,
18k-gold-plated-solitaire-ring-with-zirconia-510139,18K Gold-Plated Solitaire Ring with Cubic Zirconia,Rings,Apparel & Accessories > Jewelry > Rings,"18k gold plated, cubic zirconia",Ring size,N,,
18k-gold-plated-solitaire-ring-with-zirconia-510139,,,,,,P,,
18k-gold-plated-solitaire-ring-with-zirconia-510139,,,,,,R,,
18k-gold-plated-solitaire-ring-with-zirconia-510139,,,,,,V1/2,,
18k-gold-plated-solitaire-ring-with-zirconia-510139,,,,,,T1/2,,
18k-gold-plated-solitaire-ring-with-zirconia-510139,,,,,,Y,,
18k-gold-plated-solitaire-ring-with-zirconia-510139,,,,,,Z+1,,
half-eternity-ring-plated-in-18k-gold-with-cubic-zirconia-511125,18K Gold-Plated Half Eternity Ring with Cubic Zirconia,Rings,Apparel & Accessories > Jewelry > Rings,"18k gold plated, stacking, cubic zirconia",Ring size,Y,,
half-eternity-ring-plated-in-18k-gold-with-cubic-zirconia-511125,,,,,,R,,
half-eternity-ring-plated-in-18k-gold-with-cubic-zirconia-511125,,,,,,Z+1,,
half-eternity-ring-plated-in-18k-gold-with-cubic-zirconia-511125,,,,,,V1/2,,
half-eternity-ring-plated-in-18k-gold-with-cubic-zirconia-511125,,,,,,T1/2,,
half-eternity-ring-plated-in-18k-gold-with-cubic-zirconia-511125,,,,,,N,,
half-eternity-ring-plated-in-18k-gold-with-cubic-zirconia-511125,,,,,,P,,
18k-gold-plated-ring-with-zirconias-511384,18K Gold-Plated Pavé Disc Ring,Rings,Apparel & Accessories > Jewelry > Rings,"18k gold plated, cubic zirconia",Ring size,P,,
18k-gold-plated-ring-with-zirconias-511384,,,,,,N,,
18k-gold-plated-ring-with-zirconias-511384,,,,,,Y,,
18k-gold-plated-ring-with-zirconias-511384,,,,,,R,,
18k-gold-plated-ring-with-zirconias-511384,,,,,,Z+1,,
18k-gold-plated-ring-with-zirconias-511384,,,,,,V1/2,,
18k-gold-plated-ring-with-zirconias-511384,,,,,,T1/2,,
18k-gold-plated-ring-with-crystal-and-zirconias-511482,18K Gold-Plated Red Crystal Halo Ring,Rings,Apparel & Accessories > Jewelry > Rings,"18k gold plated, statement, cubic zirconia, crystal",Ring size,P,,
18k-gold-plated-ring-with-crystal-and-zirconias-511482,,,,,,Y,,
18k-gold-plated-ring-with-crystal-and-zirconias-511482,,,,,,R,,
18k-gold-plated-ring-with-crystal-and-zirconias-511482,,,,,,Z+1,,
18k-gold-plated-ring-with-crystal-and-zirconias-511482,,,,,,V1/2,,
18k-gold-plated-ring-with-crystal-and-zirconias-511482,,,,,,T1/2,,
18k-gold-plated-ring-with-crystal-and-zirconias-511482,,,,,,N,,
18k-gold-plated-heart-bracelet-55206200,"18K Gold-Plated Heart Link Bracelet, 19 cm",Bracelets,Apparel & Accessories > Jewelry > Bracelets,"18k gold plated, love, heart",Title,Default Title,55206200,55206200
adjustable-18k-gold-plated-choker-necklace-with-cubic-zirconia-53218506,18K Gold-Plated Y Necklace with Cubic Zirconia,Necklaces,Apparel & Accessories > Jewelry > Necklaces,"18k gold plated, cubic zirconia",Title,Default Title,53218506,53218506
18k-gold-plated-hoop-earrings-52403200,"18K Gold-Plated Textured Hoop Earrings, 1.1 cm",Earrings,Apparel & Accessories > Jewelry > Earrings,"18k gold plated, hoops",Title,Default Title,52403200,52403200
18k-gold-plated-hoop-earrings-with-rhodium-plating-52383000,"18K Gold-Plated Hoop Earrings with Rhodium Plating, 1.9 cm",Earrings,Apparel & Accessories > Jewelry > Earrings,"18k gold plated, hoops, two-tone",Title,Default Title,52383000,52383000
round-earrings-plated-in-18k-gold-with-cubic-zirconia-526945,18K Gold-Plated Round Pavé Stud Earrings,Earrings,Apparel & Accessories > Jewelry > Earrings,"18k gold plated, studs, cubic zirconia",Title,Default Title,526945,526945
18k-gold-plated-solitaire-earring-set-526223,"18K Gold-Plated Solitaire Stud Earring Set, 2 Pairs",Earrings,Apparel & Accessories > Jewelry > Earrings,"18k gold plated, studs, cubic zirconia",Title,Default Title,526223,526223
arrow-earring-and-heart-solitaire-set-18k-gold-plated-with-cubic-zirconia-527488,18K Gold-Plated Arrow and Heart Stud Earring Set,Earrings,Apparel & Accessories > Jewelry > Earrings,"18k gold plated, love, heart, studs, cubic zirconia",Title,Default Title,527488,527488
18k-gold-plated-ring-51194500,18K Gold-Plated Wide Twisted Band Ring,Rings,Apparel & Accessories > Jewelry > Rings,"18k gold plated, statement",Ring size,Y,,
18k-gold-plated-ring-51194500,,,,,,R,,
18k-gold-plated-ring-51194500,,,,,,Z+1,,
18k-gold-plated-ring-51194500,,,,,,V1/2,,
18k-gold-plated-ring-51194500,,,,,,T1/2,,
18k-gold-plated-ring-51194500,,,,,,N,,
18k-gold-plated-ring-51194500,,,,,,P,,
925-sterling-silver-teardrop-hoop-earrings-820233,925 Sterling Silver Teardrop Hoop Earrings,Earrings,Apparel & Accessories > Jewelry > Earrings,"925 sterling silver, hoops",Title,Default Title,820233,820233
necklace-with-teardrop-pendant-in-solid-925-sterling-silver-830117,"925 Sterling Silver Teardrop Pendant Necklace, 50 cm",Necklaces,Apparel & Accessories > Jewelry > Necklaces,"925 sterling silver, cubic zirconia",Title,Default Title,830117,830117
18k-gold-plated-bracelet-with-crystals-552102,18K Gold-Plated Crystal Tennis Bracelet,Bracelets,Apparel & Accessories > Jewelry > Bracelets,"18k gold plated, crystal",Title,Default Title,552102,552102
mother-of-a-boy-bracelet-18k-gold-plated-with-cubic-zirconia-552003,18K Gold-Plated Mother of a Boy Bracelet,Bracelets,Apparel & Accessories > Jewelry > Bracelets,"18k gold plated, family, mum, boy, cubic zirconia",Title,Default Title,552003,552003
best-friends-pendant-18k-gold-plated-with-resin-application-542438,18K Gold-Plated Best Friends Rainbow Pendants,Pendants,Apparel & Accessories > Jewelry > Charms & Pendants > Pendants,"18k gold plated, friendship, resin",Title,Default Title,542438,542438
square-solitaire-earring-plated-in-18k-gold-526703,18K Gold-Plated Blue Square Crystal Stud Earrings,Earrings,Apparel & Accessories > Jewelry > Earrings,"18k gold plated, studs, crystal",Title,Default Title,526703,526703
18k-gold-plated-clip-on-earring-with-crystal-and-zirconias-526340,18K Gold-Plated Green Crystal Clip-On Ear Cuff,Earrings,Apparel & Accessories > Jewelry > Earrings,"18k gold plated, ear cuff, crystal, cubic zirconia",Title,Default Title,526340,526340
18k-gold-plated-half-hoop-earrings-with-zirconias-526808,18K Gold-Plated Green Cubic Zirconia Half Hoop Earrings,Earrings,Apparel & Accessories > Jewelry > Earrings,"18k gold plated, hoops, cubic zirconia",Title,Default Title,526808,526808
18k-gold-plated-ring-with-crystal-513403,18K Gold-Plated Blue Crystal Double Band Ring,Rings,Apparel & Accessories > Jewelry > Rings,"18k gold plated, statement, crystal",Ring size,Y,,
18k-gold-plated-ring-with-crystal-513403,,,,,,R,,
18k-gold-plated-ring-with-crystal-513403,,,,,,Z+1,,
18k-gold-plated-ring-with-crystal-513403,,,,,,V1/2,,
18k-gold-plated-ring-with-crystal-513403,,,,,,T1/2,,
18k-gold-plated-ring-with-crystal-513403,,,,,,N,,
18k-gold-plated-ring-with-crystal-513403,,,,,,P,,
18k-gold-plated-heart-solitaire-ring-513230,18K Gold-Plated Black Heart Solitaire Ring,Rings,Apparel & Accessories > Jewelry > Rings,"18k gold plated, love, heart, crystal",Ring size,Y,,
18k-gold-plated-heart-solitaire-ring-513230,,,,,,R,,
18k-gold-plated-heart-solitaire-ring-513230,,,,,,Z+1,,
18k-gold-plated-heart-solitaire-ring-513230,,,,,,V1/2,,
18k-gold-plated-heart-solitaire-ring-513230,,,,,,T1/2,,
18k-gold-plated-heart-solitaire-ring-513230,,,,,,N,,
18k-gold-plated-heart-solitaire-ring-513230,,,,,,P,,
18k-gold-plated-ring-with-zirconias-and-crystal-513017,18K Gold-Plated Blue Crystal Ring with Cubic Zirconia,Rings,Apparel & Accessories > Jewelry > Rings,"18k gold plated, statement, cubic zirconia, crystal",Ring size,Y,,
18k-gold-plated-ring-with-zirconias-and-crystal-513017,,,,,,R,,
18k-gold-plated-ring-with-zirconias-and-crystal-513017,,,,,,Z+1,,
18k-gold-plated-ring-with-zirconias-and-crystal-513017,,,,,,V1/2,,
18k-gold-plated-ring-with-zirconias-and-crystal-513017,,,,,,T1/2,,
18k-gold-plated-ring-with-zirconias-and-crystal-513017,,,,,,N,,
18k-gold-plated-ring-with-zirconias-and-crystal-513017,,,,,,P,,
18k-gold-plated-butterfly-bracelet-with-acrylic-stones-55218306,18K Gold-Plated Butterfly Bracelet with White Stones,Bracelets,Apparel & Accessories > Jewelry > Bracelets,"18k gold plated, butterfly, resin",Title,Default Title,55218306,55218306
18k-gold-plated-bracelet-55127100,18K Gold-Plated Twisted Oval Link Bracelet,Bracelets,Apparel & Accessories > Jewelry > Bracelets,18k gold plated,Title,Default Title,55127100,55127100
18k-gold-plated-butterfly-pendant-with-zirconia-54267824,18K Gold-Plated Butterfly Pendant with Purple Cubic Zirconia,Pendants,Apparel & Accessories > Jewelry > Charms & Pendants > Pendants,"18k gold plated, butterfly, cubic zirconia",Title,Default Title,54267824,54267824
18k-gold-plated-cinderella-dress-pendant-54282303,18K Gold-Plated Cinderella Dress Pendant,Pendants,Apparel & Accessories > Jewelry > Charms & Pendants > Pendants,"18k gold plated, disney, kids, resin",Title,Default Title,54282303,54282303
18k-gold-plated-venetian-chain-53171700,"18K Gold-Plated Venetian Bead Chain Necklace, 80 cm",Necklaces,Apparel & Accessories > Jewelry > Necklaces,"18k gold plated, chain",Title,Default Title,53171700,53171700
18k-gold-plated-necklace-with-heart-set-with-zirconia-stones-53159806,"18K Gold-Plated Pavé Heart Pendant Necklace, 50 cm",Necklaces,Apparel & Accessories > Jewelry > Necklaces,"18k gold plated, love, heart, cubic zirconia",Title,Default Title,53159806,53159806
18k-gold-plated-piastrine-necklace-53115500,"18K Gold-Plated Piastrine Chain Necklace, 42 cm",Necklaces,Apparel & Accessories > Jewelry > Necklaces,"18k gold plated, chain",Title,Default Title,53115500,53115500
18k-gold-plated-cinderella-shoe-earring-with-zirconia-52729303,18K Gold-Plated Cinderella Slipper Earrings,Earrings,Apparel & Accessories > Jewelry > Earrings,"18k gold plated, disney, kids, cubic zirconia, resin",Title,Default Title,52729303,52729303
18k-gold-plated-bracelet-made-up-of-oval-links-55102600,18K Gold-Plated Oval Link Bracelet,Bracelets,Apparel & Accessories > Jewelry > Bracelets,18k gold plated,Title,Default Title,55102600,55102600
18k-gold-plated-bracelet-with-hearts-55068300,"18K Gold-Plated Open Heart Bracelet, 19 cm",Bracelets,Apparel & Accessories > Jewelry > Bracelets,"18k gold plated, love, heart",Title,Default Title,55068300,55068300
18k-gold-plated-bracelet-with-balls-55019500,18K Gold-Plated Ball Bracelet,Bracelets,Apparel & Accessories > Jewelry > Bracelets,18k gold plated,Title,Default Title,55019500,55019500
18k-gold-plated-pendant-in-the-shape-of-a-boy-with-zirconia-54214306,18K Gold-Plated Pavé Boy Pendant,Pendants,Apparel & Accessories > Jewelry > Charms & Pendants > Pendants,"18k gold plated, family, boy, cubic zirconia",Title,Default Title,54214306,54214306
18k-gold-plated-groumet-chain-necklace-53234600,"18K Gold-Plated Gourmet Chain Choker, 35 cm",Necklaces,Apparel & Accessories > Jewelry > Necklaces,"18k gold plated, chain, choker",Title,Default Title,53234600,53234600
childrens-earring-plated-in-18k-gold-apple-shape-with-crystals-52523806,Children's 18K Gold-Plated Apple Stud Earrings with Crystal,Earrings,Apparel & Accessories > Jewelry > Earrings,"18k gold plated, kids, studs, crystal",Title,Default Title,52523806,52523806
18k-gold-plated-hoop-earrings-with-rhodium-application-52512800,"18K Gold-Plated Hoop Earrings with Rhodium Plating, 1.6 cm",Earrings,Apparel & Accessories > Jewelry > Earrings,"18k gold plated, hoops, two-tone",Title,Default Title,52512800,52512800
18k-gold-plated-hoop-earrings-with-openheart-design-5233510000,18K Gold-Plated Open Heart Hoop Earrings,Earrings,Apparel & Accessories > Jewelry > Earrings,"18k gold plated, love, heart, hoops",Title,Default Title,52335100,52335100
18k-gold-plated-butterfly-earrings-52698900,18K Gold-Plated Textured Butterfly Stud Earrings,Earrings,Apparel & Accessories > Jewelry > Earrings,"18k gold plated, butterfly, studs",Title,Default Title,52698900,52698900
