URL handle,Title,Type,Product category,Tags,SEO title,SEO description,Option1 name,Option1 value,SKU
18k-gold-plated-saint-benedict-medal-5428350000,18K Gold-Plated Saint Benedict Medal Pendant,Pendants,Apparel & Accessories > Jewelry > Charms & Pendants > Pendants,"18k gold plated, faith, saint benedict, medal",Saint Benedict Medal Pendant – 18K Gold Plated | Rommanel,"Saint Benedict medal pendant by Rommanel, plated in 18K gold. A meaningful gift of faith. Shipped Australia-wide from Perth.",Title,Default Title,5428350000
18k-gold-plated-pendant-in-the-shape-of-a-girl-with-zirconia-stones-54214206,18K Gold-Plated Pavé Girl Pendant,Pendants,Apparel & Accessories > Jewelry > Charms & Pendants > Pendants,"18k gold plated, family, girl, cubic zirconia",Pavé Girl Pendant – 18K Gold Plated | Rommanel,"Pavé girl pendant by Rommanel, plated in 18K gold. A gift for mum to keep her loved ones close. Shipped Australia-wide from Perth.",Title,Default Title,54214206
18k-gold-plated-heart-choker-532413,"18K Gold-Plated Heart Link Necklace, 42 cm",Necklaces,Apparel & Accessories > Jewelry > Necklaces,"18k gold plated, love, heart",Heart Link Necklace 42 cm – 18K Gold Plated | Rommanel,"Heart link necklace by Rommanel, plated in 18K gold, 42 cm long. Nickel-free and hypoallergenic. Shipped Australia-wide from Perth.",Title,Default Title,532413
girl-pendant-plated-in-18k-gold-with-rhodium-plating-54295500,18K Gold-Plated Girl Pendant with Rhodium Plating,Pendants,Apparel & Accessories > Jewelry > Charms & Pendants > Pendants,"18k gold plated, family, girl, two-tone",Girl Pendant with Rhodium Plating – 18K Gold Plated | Rommanel,"Girl pendant by Rommanel, plated in 18K gold with rhodium details. A gift for mum to keep her loved ones close. Shipped Australia-wide from Perth.",Title,Default Title,54295500
18k-gold-plated-butterfly-earrings-with-zirconia-527074,18K Gold-Plated Butterfly Earrings with Navette Cubic Zirconia,Earrings,Apparel & Accessories > Jewelry > Earrings,"18k gold plated, butterfly, cubic zirconia",Butterfly Earrings with Navette Cubic Zirconia – 18K Gold Plated,"Butterfly earrings with navette cubic zirconia by Rommanel, plated in 18K gold. Nickel-free and hypoallergenic. Shipped Australia-wide from Perth.",Title,Default Title,527074
18k-gold-plated-necklace-53069500,"18K Gold-Plated Fine Chain Necklace, 50 cm",Necklaces,Apparel & Accessories > Jewelry > Necklaces,"18k gold plated, chain",Fine Chain Necklace 50 cm – 18K Gold Plated | Rommanel,"Fine chain necklace by Rommanel, plated in 18K gold, 50 cm long. Nickel-free and hypoallergenic. Shipped Australia-wide from Perth.",Title,Default Title,53069500
butterfly-set-0003,18K Gold-Plated Open Butterfly Necklace and Earrings Set,Jewellery Sets,Apparel & Accessories > Jewelry > Jewelry Sets,"18k gold plated, butterfly, gift set",Open Butterfly Necklace and Earrings Set – 18K Gold Plated,"Open butterfly necklace and earrings set by Rommanel, plated in 18K gold. Nickel-free and hypoallergenic. Shipped Australia-wide from Perth.",Title,Default Title,003
18k-gold-plated-butterfly-pendant-choker-5325615000,18K Gold-Plated Open Butterfly Pendant Necklace,Necklaces,Apparel & Accessories > Jewelry > Necklaces,"18k gold plated, butterfly",Open Butterfly Pendant Necklace – 18K Gold Plated | Rommanel,"Open butterfly pendant necklace by Rommanel, plated in 18K gold. Nickel-free and hypoallergenic. Shipped Australia-wide from Perth.",Title,Default Title,5325615000
18k-gold-plated-textured-cross-pendant-5430190000,18K Gold-Plated Textured Cross Pendant,Pendants,Apparel & Accessories > Jewelry > Charms & Pendants > Pendants,"18k gold plated, faith, cross, unisex",Textured Cross Pendant – 18K Gold Plated | Rommanel,"Textured cross pendant by Rommanel, plated in 18K gold. A meaningful gift of faith. Nickel-free and hypoallergenic. Shipped Australia-wide from Perth.",Title,Default Title,5430190000
mens-18k-gold-plated-chain-5326706000,"Men's 18K Gold-Plated Chain Necklace, 60 cm",Necklaces,Apparel & Accessories > Jewelry > Necklaces,"18k gold plated, men, chain",Men's Chain Necklace 60 cm – 18K Gold Plated | Rommanel,"Men's chain necklace by Rommanel, plated in 18K gold, 60 cm long. Nickel-free and hypoallergenic. Shipped Australia-wide from Perth.",Title,Default Title,5326706000
18k-gold-plated-dragonfly-anklet-5506102500,"18K Gold-Plated Dragonfly Anklet, 25 cm",Anklets,Apparel & Accessories > Jewelry > Anklets,"18k gold plated, nature, dragonfly",Dragonfly Anklet 25 cm – 18K Gold Plated | Rommanel,"Dragonfly anklet by Rommanel, plated in 18K gold, 25 cm long. Nickel-free and hypoallergenic. Shipped Australia-wide from Perth.",Title,Default Title,5506102500
18k-gold-plated-choker-with-baroque-pearl-5325605026,18K Gold-Plated Baroque Pearl Pendant Necklace,Necklaces,Apparel & Accessories > Jewelry > Necklaces,"18k gold plated, pearl",Baroque Pearl Pendant Necklace – 18K Gold Plated | Rommanel,"Baroque pearl pendant necklace by Rommanel, plated in 18K gold. Nickel-free and hypoallergenic. Shipped Australia-wide from Perth.",Title,Default Title,5325605026
18k-gold-plated-holy-spirit-earring-5272490000,18K Gold-Plated Holy Spirit Dove Earrings,Earrings,Apparel & Accessories > Jewelry > Earrings,"18k gold plated, faith, holy spirit",Holy Spirit Dove Earrings – 18K Gold Plated | Rommanel,"Holy Spirit dove earrings by Rommanel, plated in 18K gold. A meaningful gift of faith. Nickel-free and hypoallergenic. Shipped Australia-wide from Perth.",Title,Default Title,5272490000
18k-gold-plated-hoop-earring-5236460000,18K Gold-Plated Triple Hoop Earrings,Earrings,Apparel & Accessories > Jewelry > Earrings,"18k gold plated, hoops",Triple Hoop Earrings – 18K Gold Plated | Rommanel,"Triple hoop earrings by Rommanel, plated in 18K gold. Nickel-free and hypoallergenic. Shipped Australia-wide from Perth.",Title,Default Title,5236460000
18k-gold-plated-four-leaf-clover-earring-5264770000,18K Gold-Plated Four-Leaf Clover Earrings,Earrings,Apparel & Accessories > Jewelry > Earrings,"18k gold plated, luck, clover",Four-Leaf Clover Earrings – 18K Gold Plated | Rommanel,"Four-leaf clover earrings by Rommanel, plated in 18K gold. Nickel-free and hypoallergenic. Shipped Australia-wide from Perth.",Title,Default Title,5264770000
18k-gold-plated-clip-on-ear-cuff-5260910000,18K Gold-Plated Clip-On Ear Cuff,Earrings,Apparel & Accessories > Jewelry > Earrings,"18k gold plated, ear cuff",Clip-On Ear Cuff – 18K Gold Plated | Rommanel,"Clip-on ear cuff by Rommanel, plated in 18K gold. Nickel-free and hypoallergenic. Shipped Australia-wide from Perth.",Title,Default Title,5260910000
18k-gold-plated-hoop-earrings-with-cubic-zirconia-5272370006,18K Gold-Plated Hoop Earrings with Pear Cubic Zirconia Drops,Earrings,Apparel & Accessories > Jewelry > Earrings,"18k gold plated, hoops, cubic zirconia",Hoop Earrings with Pear Cubic Zirconia Drops – 18K Gold Plated,"Hoop earrings with pear cubic zirconia drops by Rommanel, plated in 18K gold. Nickel-free and hypoallergenic. Shipped Australia-wide from Perth.",Title,Default Title,5272370006
18k-gold-plated-cross-hoop-earring-5267890000,18K Gold-Plated Hoop Earrings with Cross Drops,Earrings,Apparel & Accessories > Jewelry > Earrings,"18k gold plated, faith, cross, hoops",Hoop Earrings with Cross Drops – 18K Gold Plated | Rommanel,"Hoop earrings with cross drops by Rommanel, plated in 18K gold. A meaningful gift of faith. Shipped Australia-wide from Perth.",Title,Default Title,5267890000
18k-gold-plated-flower-earring-set-5264230000,18K Gold-Plated Flower Stud Earring Set,Earrings,Apparel & Accessories > Jewelry > Earrings,"18k gold plated, nature, flower, studs",Flower Stud Earring Set – 18K Gold Plated | Rommanel,"Flower stud earring set by Rommanel, plated in 18K gold. Nickel-free and hypoallergenic. Shipped Australia-wide from Perth.",Title,Default Title,5264230000
18k-gold-plated-crosses-scapular-5319116800,"Men's 18K Gold-Plated Cross Scapular Necklace, 68 cm",Necklaces,Apparel & Accessories > Jewelry > Necklaces,"18k gold plated, faith, cross, men, scapular",Men's Cross Scapular Necklace 68 cm – 18K Gold Plated,"Men's cross scapular necklace by Rommanel, plated in 18K gold, 68 cm long. A meaningful gift of faith. Shipped Australia-wide from Perth.",Title,Default Title,5319116800
18k-gold-plated-unisex-scapular-5319194900,"18K Gold-Plated Our Lady of Mount Carmel Scapular Necklace, 49 cm",Necklaces,Apparel & Accessories > Jewelry > Necklaces,"18k gold plated, faith, our lady, scapular, unisex",Our Lady of Mount Carmel Scapular Necklace 49 cm – 18K Gold Plated,"Our Lady of Mount Carmel scapular necklace by Rommanel, plated in 18K gold, 49 cm long. A meaningful gift of faith. Shipped Australia-wide from Perth.",Title,Default Title,5319194900
18k-gold-plated-necklace-with-lock-chain-5316384200,"18K Gold-Plated Fine Lock Chain Necklace, 42 cm",Necklaces,Apparel & Accessories > Jewelry > Necklaces,"18k gold plated, chain",Fine Lock Chain Necklace 42 cm – 18K Gold Plated | Rommanel,"Fine lock chain necklace by Rommanel, plated in 18K gold, 42 cm long. Nickel-free and hypoallergenic. Shipped Australia-wide from Perth.",Title,Default Title,5316384200
venetian-choker-plated-in-18k-gold-53131000,"18K Gold-Plated Venetian Chain Necklace, 42 cm",Necklaces,Apparel & Accessories > Jewelry > Necklaces,"18k gold plated, chain",Venetian Chain Necklace 42 cm – 18K Gold Plated | Rommanel,"Venetian chain necklace by Rommanel, plated in 18K gold, 42 cm long. Nickel-free and hypoallergenic. Shipped Australia-wide from Perth.",Title,Default Title,53131000
butterfly-earring-with-openwork-design-18k-gold-plated-5274630000,18K Gold-Plated Openwork Butterfly Earrings,Earrings,Apparel & Accessories > Jewelry > Earrings,"18k gold plated, butterfly, studs",Openwork Butterfly Earrings – 18K Gold Plated | Rommanel,"Openwork butterfly earrings by Rommanel, plated in 18K gold. Nickel-free and hypoallergenic. Shipped Australia-wide from Perth.",Title,Default Title,5274630000
18k-gold-plated-boy-pendant-with-rhodium-plating-54295600,18K Gold-Plated Boy Pendant with Rhodium Plating,Pendants,Apparel & Accessories > Jewelry > Charms & Pendants > Pendants,"18k gold plated, family, boy, two-tone",Boy Pendant with Rhodium Plating – 18K Gold Plated | Rommanel,"Boy pendant by Rommanel, plated in 18K gold with rhodium details. A gift for mum to keep her loved ones close. Shipped Australia-wide from Perth.",Title,Default Title,54295600
18k-gold-plated-half-hoop-earring-set-52701400,"18K Gold-Plated Half Hoop Earring Set, 2 Pairs",Earrings,Apparel & Accessories > Jewelry > Earrings,"18k gold plated, hoops, ana hickmann",Half Hoop Earring Set 2 Pairs – 18K Gold Plated | Rommanel,"Half hoop earring set (2 pairs) by Rommanel, plated in 18K gold. Nickel-free and hypoallergenic. Shipped Australia-wide from Perth.",Title,Default Title,52701400
butterfly-earring-plated-in-18k-gold-52709200,"18K Gold-Plated Openwork Butterfly Studs, 1.2 cm",Earrings,Apparel & Accessories > Jewelry > Earrings,"18k gold plated, butterfly, studs",Openwork Butterfly Studs 1.2 cm – 18K Gold Plated | Rommanel,"Openwork butterfly studs by Rommanel, plated in 18K gold, 1.2 cm. Nickel-free and hypoallergenic. Shipped Australia-wide from Perth.",Title,Default Title,52709200
18k-gold-plated-our-lady-of-aparecida-pendant-with-cubic-zirconia-5416340002,18K Gold-Plated Our Lady of Aparecida Pendant with Blue Cubic Zirconia,Pendants,Apparel & Accessories > Jewelry > Charms & Pendants > Pendants,"18k gold plated, faith, our lady, aparecida, cubic zirconia",Our Lady of Aparecida Pendant with Blue Cubic Zirconia,"Our Lady of Aparecida pendant with blue cubic zirconia by Rommanel, plated in 18K gold. A meaningful gift of faith. Shipped Australia-wide from Perth.",Title,Default Title,5416340002
18k-set-gold-plated-butterfly-earrings-and-pendant,18K Gold-Plated Mini Butterfly Necklace and Earrings Set,Jewellery Sets,Apparel & Accessories > Jewelry > Jewelry Sets,"18k gold plated, butterfly, gift set",Mini Butterfly Necklace and Earrings Set – 18K Gold Plated,"Mini butterfly necklace and earrings set by Rommanel, plated in 18K gold. Nickel-free and hypoallergenic. Shipped Australia-wide from Perth.",Title,Default Title,0000002
18k-gold-plated-solitaire-earring-with-crystals-5201850006,"18K Gold-Plated Bezel Crystal Stud Earrings, 4 mm",Earrings,Apparel & Accessories > Jewelry > Earrings,"18k gold plated, studs, crystal",Bezel Crystal Stud Earrings 4 mm – 18K Gold Plated | Rommanel,"Bezel crystal stud earrings by Rommanel, plated in 18K gold, 4 mm. Nickel-free and hypoallergenic. Shipped Australia-wide from Perth.",Title,Default Title,5201850006
18k-gold-plated-cable-chain-necklace-5304325000,"18K Gold-Plated Cable Chain Necklace, 50 cm",Necklaces,Apparel & Accessories > Jewelry > Necklaces,"18k gold plated, chain",Cable Chain Necklace 50 cm – 18K Gold Plated | Rommanel,"Cable chain necklace by Rommanel, plated in 18K gold, 50 cm long. Nickel-free and hypoallergenic. Shipped Australia-wide from Perth.",Title,Default Title,5304325000
18k-gold-plated-pet-mom-double-sided-medal-5423880000,18K Gold-Plated Pet Mum Double-Sided Medal Pendant,Pendants,Apparel & Accessories > Jewelry > Charms & Pendants > Pendants,"18k gold plated, family, pets, medal",Pet Mum Double-Sided Medal Pendant – 18K Gold Plated,"Pet Mum double-sided medal pendant by Rommanel, plated in 18K gold. A gift for mum to keep her loved ones close. Shipped Australia-wide from Perth.",Title,Default Title,5423880000
18k-gold-plated-holy-spirit-pendant-5426970000,18K Gold-Plated Holy Spirit Heart Pendant,Pendants,Apparel & Accessories > Jewelry > Charms & Pendants > Pendants,"18k gold plated, faith, holy spirit, heart",Holy Spirit Heart Pendant – 18K Gold Plated | Rommanel,"Holy Spirit heart pendant by Rommanel, plated in 18K gold. A meaningful gift of faith. Nickel-free and hypoallergenic. Shipped Australia-wide from Perth.",Title,Default Title,5426970000
18k-gold-plated-faith-pendant-with-cubic-zirconia-5426600006,18K Gold-Plated Fé (Faith) Pendant with Cubic Zirconia,Pendants,Apparel & Accessories > Jewelry > Charms & Pendants > Pendants,"18k gold plated, faith, cubic zirconia",Fé (Faith) Pendant with Cubic Zirconia – 18K Gold Plated,"Fé (Faith) pendant with cubic zirconia by Rommanel, plated in 18K gold. A meaningful gift of faith. Shipped Australia-wide from Perth.",Title,Default Title,5426600006
18k-gold-plated-blessed-sacrament-pendant-with-resin-stone-5454290006,18K Gold-Plated Blessed Sacrament Pendant with Resin Stone,Pendants,Apparel & Accessories > Jewelry > Charms & Pendants > Pendants,"18k gold plated, faith, resin",Blessed Sacrament Pendant with Resin Stone – 18K Gold Plated,"Blessed Sacrament pendant with resin stone by Rommanel, plated in 18K gold. A meaningful gift of faith. Shipped Australia-wide from Perth.",Title,Default Title,5454290006
18k-gold-plated-holy-spirit-pendant-5419330006,18K Gold-Plated Round Holy Spirit Pendant with Cubic Zirconia,Pendants,Apparel & Accessories > Jewelry > Charms & Pendants > Pendants,"18k gold plated, faith, holy spirit, cubic zirconia",Round Holy Spirit Pendant with Cubic Zirconia – 18K Gold Plated,"Round Holy Spirit pendant with cubic zirconia by Rommanel, plated in 18K gold. A meaningful gift of faith. Shipped Australia-wide from Perth.",Title,Default Title,5419330006
18k-gold-plated-cable-chain-necklace-5309604500,"18K Gold-Plated Cable Chain Necklace, 45 cm",Necklaces,Apparel & Accessories > Jewelry > Necklaces,"18k gold plated, chain",Cable Chain Necklace 45 cm – 18K Gold Plated | Rommanel,"Cable chain necklace by Rommanel, plated in 18K gold, 45 cm long. Nickel-free and hypoallergenic. Shipped Australia-wide from Perth.",Title,Default Title,5309604500
gargantilha-banhada-a-ouro-18k-fio-grumet-5306944200,"18K Gold-Plated Curb Chain Necklace, 42 cm",Necklaces,Apparel & Accessories > Jewelry > Necklaces,"18k gold plated, chain",Curb Chain Necklace 42 cm – 18K Gold Plated | Rommanel,"Curb chain necklace by Rommanel, plated in 18K gold, 42 cm long. Nickel-free and hypoallergenic. Shipped Australia-wide from Perth.",Title,Default Title,5306944200
18k-gold-plated-solitaire-earring-with-crystals-5231910006,18K Gold-Plated Crystal Solitaire Stud Earrings,Earrings,Apparel & Accessories > Jewelry > Earrings,"18k gold plated, studs, crystal",Crystal Solitaire Stud Earrings – 18K Gold Plated | Rommanel,"Crystal solitaire stud earrings by Rommanel, plated in 18K gold. Nickel-free and hypoallergenic. Shipped Australia-wide from Perth.",Title,Default Title,5231910006
childrens-18k-gold-plated-solitaire-heart-earrings-with-cubic-zirconia-5242250006,Children's 18K Gold-Plated Heart Stud Earrings with Cubic Zirconia,Earrings,Apparel & Accessories > Jewelry > Earrings,"18k gold plated, kids, heart, studs, cubic zirconia",Children's Heart Stud Earrings with Cubic Zirconia | Rommanel,"Children's heart stud earrings with cubic zirconia by Rommanel, plated in 18K gold. A sweet first-jewellery gift. Shipped Australia-wide from Perth.",Title,Default Title,5242250006
18k-gold-plated-childrens-earrings-5232290000,Children's 18K Gold-Plated Ball Drop Earrings,Earrings,Apparel & Accessories > Jewelry > Earrings,"18k gold plated, kids",Children's Ball Drop Earrings – 18K Gold Plated | Rommanel,"Children's ball drop earrings by Rommanel, plated in 18K gold. A sweet first-jewellery gift. Shipped Australia-wide from Perth.",Title,Default Title,5232290000
18k-gold-plated-set-open-heart-00012026,18K Gold-Plated Open Heart Necklace and Earrings Set,Jewellery Sets,Apparel & Accessories > Jewelry > Jewelry Sets,"18k gold plated, love, heart, gift set, cubic zirconia",Open Heart Necklace and Earrings Set – 18K Gold Plated,"Open heart necklace and earrings set by Rommanel, plated in 18K gold. Nickel-free and hypoallergenic. Shipped Australia-wide from Perth.",Title,Default Title,00012026
18k-gold-plated-hoop-earrings-5240140000,"18K Gold-Plated Textured Hoop Earrings, 1.3 cm",Earrings,Apparel & Accessories > Jewelry > Earrings,"18k gold plated, hoops",Textured Hoop Earrings 1.3 cm – 18K Gold Plated | Rommanel,"Textured hoop earrings by Rommanel, plated in 18K gold, 1.3 cm. Nickel-free and hypoallergenic. Shipped Australia-wide from Perth.",Title,Default Title,5240140000
18k-gold-plated-childrens-bow-earrings-5246350000,Children's 18K Gold-Plated Bow Stud Earrings,Earrings,Apparel & Accessories > Jewelry > Earrings,"18k gold plated, kids, bow, studs",Children's Bow Stud Earrings – 18K Gold Plated | Rommanel,"Children's bow stud earrings by Rommanel, plated in 18K gold. A sweet first-jewellery gift. Shipped Australia-wide from Perth.",Title,Default Title,5246350000
18k-gold-plated-hoop-earring-5224420000,"18K Gold-Plated Wide Huggie Hoop Earrings, 1.3 cm",Earrings,Apparel & Accessories > Jewelry > Earrings,"18k gold plated, hoops",Wide Huggie Hoop Earrings 1.3 cm – 18K Gold Plated | Rommanel,"Wide huggie hoop earrings by Rommanel, plated in 18K gold, 1.3 cm. Nickel-free and hypoallergenic. Shipped Australia-wide from Perth.",Title,Default Title,5224420000
18k-gold-plated-earring-with-crystals-5232090006,18K Gold-Plated Crystal Ear Climber Earrings,Earrings,Apparel & Accessories > Jewelry > Earrings,"18k gold plated, ear climber, crystal",Crystal Ear Climber Earrings – 18K Gold Plated | Rommanel,"Crystal ear climber earrings by Rommanel, plated in 18K gold. Nickel-free and hypoallergenic. Shipped Australia-wide from Perth.",Title,Default Title,5232090006
18k-gold-plated-oval-hoop-earrings-5209020000,"18K Gold-Plated Oval Hoop Earrings, 1.8 cm",Earrings,Apparel & Accessories > Jewelry > Earrings,"18k gold plated, hoops",Oval Hoop Earrings 1.8 cm – 18K Gold Plated | Rommanel,"Oval hoop earrings by Rommanel, plated in 18K gold, 1.8 cm. Nickel-free and hypoallergenic. Shipped Australia-wide from Perth.",Title,Default Title,5209020000
18k-gold-plated-necklace-53030700,"18K Gold-Plated Hammered Chain Necklace, 42 cm",Necklaces,Apparel & Accessories > Jewelry > Necklaces,"18k gold plated, chain",Hammered Chain Necklace 42 cm – 18K Gold Plated | Rommanel,"Hammered chain necklace by Rommanel, plated in 18K gold, 42 cm long. Nickel-free and hypoallergenic. Shipped Australia-wide from Perth.",Title,Default Title,53030700
gargantilha-com-pingente-solitario-banhada-a-ouro-18k-53200506,"18K Gold-Plated Solitaire Pendant Necklace, 40 cm",Necklaces,Apparel & Accessories > Jewelry > Necklaces,"18k gold plated, giovanna antonelli, cubic zirconia",Solitaire Pendant Necklace 40 cm – 18K Gold Plated | Rommanel,"Solitaire pendant necklace by Rommanel, plated in 18K gold, 40 cm long. Nickel-free and hypoallergenic. Shipped Australia-wide from Perth.",Title,Default Title,53200506
18k-gold-plated-heart-pendant-5429910000,18K Gold-Plated Puffed Heart Pendant,Pendants,Apparel & Accessories > Jewelry > Charms & Pendants > Pendants,"18k gold plated, love, heart",Puffed Heart Pendant – 18K Gold Plated | Rommanel,"Puffed heart pendant by Rommanel, plated in 18K gold. Add it to your favourite chain. Nickel-free and hypoallergenic. Shipped Australia-wide from Perth.",Title,Default Title,5429910000
52080700,"18K Gold-Plated Classic Hoop Earrings, 1.8 cm",Earrings,Apparel & Accessories > Jewelry > Earrings,"18k gold plated, hoops",Classic Hoop Earrings 1.8 cm – 18K Gold Plated | Rommanel,"Classic hoop earrings by Rommanel, plated in 18K gold, 1.8 cm. Nickel-free and hypoallergenic. Shipped Australia-wide from Perth.",Title,Default Title,52080700
18k-gold-plated-hoop-earrings-5209010000,"18K Gold-Plated Smooth Hoop Earrings, 1.6 cm",Earrings,Apparel & Accessories > Jewelry > Earrings,"18k gold plated, hoops",Smooth Hoop Earrings 1.6 cm – 18K Gold Plated | Rommanel,"Smooth hoop earrings by Rommanel, plated in 18K gold, 1.6 cm. Nickel-free and hypoallergenic. Shipped Australia-wide from Perth.",Title,Default Title,5209010000
butterfly-earring-plated-in-18k-gold-with-rhodium-plating-52016400,18K Gold-Plated Butterfly Studs with Rhodium Plating,Earrings,Apparel & Accessories > Jewelry > Earrings,"18k gold plated, butterfly, studs, two-tone",Butterfly Studs with Rhodium Plating – 18K Gold Plated,"Butterfly studs by Rommanel, plated in 18K gold with rhodium details. Nickel-free and hypoallergenic. Shipped Australia-wide from Perth.",Title,Default Title,52016400
18k-gold-plated-earrings-with-pearls-and-crystals-52407012,18K Gold-Plated Pearl and Crystal Stud Earrings,Earrings,Apparel & Accessories > Jewelry > Earrings,"18k gold plated, pearl, crystal, studs",Pearl and Crystal Stud Earrings – 18K Gold Plated | Rommanel,"Pearl and crystal stud earrings by Rommanel, plated in 18K gold. Nickel-free and hypoallergenic. Shipped Australia-wide from Perth.",Title,Default Title,52407012
18k-gold-plated-butterfly-earrings-with-zirconia-52639506,18K Gold-Plated Mini Butterfly Studs with Cubic Zirconia,Earrings,Apparel & Accessories > Jewelry > Earrings,"18k gold plated, butterfly, studs, cubic zirconia",Mini Butterfly Studs with Cubic Zirconia – 18K Gold Plated,"Mini butterfly studs with cubic zirconia by Rommanel, plated in 18K gold. Nickel-free and hypoallergenic. Shipped Australia-wide from Perth.",Title,Default Title,52639506
18k-gold-plated-ear-cuff-earring-with-zirconias-52273106,18K Gold-Plated Cubic Zirconia Ear Climber Earrings,Earrings,Apparel & Accessories > Jewelry > Earrings,"18k gold plated, ear climber, cubic zirconia",Cubic Zirconia Ear Climber Earrings – 18K Gold Plated,"Cubic zirconia ear climber earrings by Rommanel, plated in 18K gold. Nickel-free and hypoallergenic. Shipped Australia-wide from Perth.",Title,Default Title,52273106
brinco-circulos-entrelacados-banhado-a-ouro-18k-52431000,18K Gold-Plated Interlocking Circles Earrings,Earrings,Apparel & Accessories > Jewelry > Earrings,"18k gold plated, studs",Interlocking Circles Earrings – 18K Gold Plated | Rommanel,"Interlocking circles earrings by Rommanel, plated in 18K gold. Nickel-free and hypoallergenic. Shipped Australia-wide from Perth.",Title,Default Title,52431000
18k-gold-plated-earrings-with-synthetic-pearls-5220930026,18K Gold-Plated Pearl Drop Earrings,Earrings,Apparel & Accessories > Jewelry > Earrings,"18k gold plated, pearl",Pearl Drop Earrings – 18K Gold Plated | Rommanel,"Pearl drop earrings by Rommanel, plated in 18K gold. Nickel-free and hypoallergenic. Shipped Australia-wide from Perth.",Title,Default Title,5220930026
18k-gold-plated-girl-pendant-5406840000,18K Gold-Plated Girl Face Pendant,Pendants,Apparel & Accessories > Jewelry > Charms & Pendants > Pendants,"18k gold plated, family, girl",Girl Face Pendant – 18K Gold Plated | Rommanel,"Girl face pendant by Rommanel, plated in 18K gold. A gift for mum to keep her loved ones close. Shipped Australia-wide from Perth.",Title,Default Title,5406840000
18k-gold-plated-boy-pendant-5406850000,18K Gold-Plated Boy Face Pendant,Pendants,Apparel & Accessories > Jewelry > Charms & Pendants > Pendants,"18k gold plated, family, boy",Boy Face Pendant – 18K Gold Plated | Rommanel,"Boy face pendant by Rommanel, plated in 18K gold. A gift for mum to keep her loved ones close. Shipped Australia-wide from Perth.",Title,Default Title,5406850000
18k-gold-plated-choker-with-lock-chain-5304314200,"18K Gold-Plated Lock Chain Necklace, 42 cm",Necklaces,Apparel & Accessories > Jewelry > Necklaces,"18k gold plated, chain",Lock Chain Necklace 42 cm – 18K Gold Plated | Rommanel,"Lock chain necklace by Rommanel, plated in 18K gold, 42 cm long. Nickel-free and hypoallergenic. Shipped Australia-wide from Perth.",Title,Default Title,5304314200
18k-gold-plated-heart-pendant-with-domed-frieze-5429730000,18K Gold-Plated Grooved Heart Pendant,Pendants,Apparel & Accessories > Jewelry > Charms & Pendants > Pendants,"18k gold plated, love, heart",Grooved Heart Pendant – 18K Gold Plated | Rommanel,"Grooved heart pendant by Rommanel, plated in 18K gold. Add it to your favourite chain. Nickel-free and hypoallergenic. Shipped Australia-wide from Perth.",Title,Default Title,5429730000
18k-gold-plated-butterfly-pendant-5423050000,18K Gold-Plated Openwork Butterfly Pendant,Pendants,Apparel & Accessories > Jewelry > Charms & Pendants > Pendants,"18k gold plated, butterfly",Openwork Butterfly Pendant – 18K Gold Plated | Rommanel,"Openwork butterfly pendant by Rommanel, plated in 18K gold. Add it to your favourite chain. Shipped Australia-wide from Perth.",Title,Default Title,5423050000
18k-gold-plated-cross-pendant-with-zirconias-5429150006,18K Gold-Plated Cross Pendant with Cubic Zirconia,Pendants,Apparel & Accessories > Jewelry > Charms & Pendants > Pendants,"18k gold plated, faith, cross, cubic zirconia",Cross Pendant with Cubic Zirconia – 18K Gold Plated | Rommanel,"Cross pendant with cubic zirconia by Rommanel, plated in 18K gold. A meaningful gift of faith. Shipped Australia-wide from Perth.",Title,Default Title,5429150006
18k-gold-plated-childrens-pendant-boy-54179900,18K Gold-Plated Boy Playing Soccer Pendant,Pendants,Apparel & Accessories > Jewelry > Charms & Pendants > Pendants,"18k gold plated, family, boy",Boy Playing Soccer Pendant – 18K Gold Plated | Rommanel,"Boy playing soccer pendant by Rommanel, plated in 18K gold. A gift for mum to keep her loved ones close. Shipped Australia-wide from Perth.",Title,Default Title,54179900
butterfly-earring-plated-in-18k-gold-52756400,18K Gold-Plated Large Openwork Butterfly Earrings,Earrings,Apparel & Accessories > Jewelry > Earrings,"18k gold plated, butterfly",Large Openwork Butterfly Earrings – 18K Gold Plated | Rommanel,"Large openwork butterfly earrings by Rommanel, plated in 18K gold. Nickel-free and hypoallergenic. Shipped Australia-wide from Perth.",Title,Default Title,52756400
pendant-with-two-boys-and-a-hollow-heart-18k-gold-plated-54264600,18K Gold-Plated Two Boys and Heart Pendant,Pendants,Apparel & Accessories > Jewelry > Charms & Pendants > Pendants,"18k gold plated, family, boy, heart",Two Boys and Heart Pendant – 18K Gold Plated | Rommanel,"Two boys and heart pendant by Rommanel, plated in 18K gold. A gift for mum to keep her loved ones close. Shipped Australia-wide from Perth.",Title,Default Title,54264600
pendant-with-two-girls-and-a-hollow-heart-18k-gold-plated-54264500,18K Gold-Plated Two Girls and Heart Pendant,Pendants,Apparel & Accessories > Jewelry > Charms & Pendants > Pendants,"18k gold plated, family, girl, heart",Two Girls and Heart Pendant – 18K Gold Plated | Rommanel,"Two girls and heart pendant by Rommanel, plated in 18K gold. A gift for mum to keep her loved ones close. Shipped Australia-wide from Perth.",Title,Default Title,54264500
18k-gold-plated-boy-and-girl-pendant-54193700,18K Gold-Plated Boy and Girl with Heart Pendant,Pendants,Apparel & Accessories > Jewelry > Charms & Pendants > Pendants,"18k gold plated, family, boy, girl, heart",Boy and Girl with Heart Pendant – 18K Gold Plated | Rommanel,"Boy and girl with heart pendant by Rommanel, plated in 18K gold. A gift for mum to keep her loved ones close. Shipped Australia-wide from Perth.",Title,Default Title,54193700
18k-gold-plated-heart-shaped-hoop-earrings-52714600,18K Gold-Plated Hoop Earrings with Heart Drops,Earrings,Apparel & Accessories > Jewelry > Earrings,"18k gold plated, love, heart, hoops",Hoop Earrings with Heart Drops – 18K Gold Plated | Rommanel,"Hoop earrings with heart drops by Rommanel, plated in 18K gold. Nickel-free and hypoallergenic. Shipped Australia-wide from Perth.",Title,Default Title,52714600
maxi-ring-with-intertwined-wires-18k-gold-plated-with-sphere-5135301400,18K Gold-Plated Maxi Wire Ring with Sphere,Rings,Apparel & Accessories > Jewelry > Rings,"18k gold plated, statement",Maxi Wire Ring with Sphere – 18K Gold Plated | Rommanel,"Maxi wire ring with sphere by Rommanel, plated in 18K gold. Nickel-free and hypoallergenic. Shipped Australia-wide from Perth.",Title,Default Title,5135301400
maxi-triple-band-ring-plated-in-18k-gold-with-zirconias-513639,18K Gold-Plated Maxi Triple Band Ring with Cubic Zirconia,Rings,Apparel & Accessories > Jewelry > Rings,"18k gold plated, statement, cubic zirconia",Maxi Triple Band Ring with Cubic Zirconia – 18K Gold Plated,"Maxi triple band ring with cubic zirconia by Rommanel, plated in 18K gold. Nickel-free and hypoallergenic. Shipped Australia-wide from Perth.",Title,Default Title,513639
butterfly-earring-plated-in-18k-gold-52656000,"18K Gold-Plated Mini Openwork Butterfly Studs, 0.9 cm",Earrings,Apparel & Accessories > Jewelry > Earrings,"18k gold plated, butterfly, studs",Mini Openwork Butterfly Studs 0.9 cm – 18K Gold Plated,"Mini openwork butterfly studs by Rommanel, plated in 18K gold, 0.9 cm. Nickel-free and hypoallergenic. Shipped Australia-wide from Perth.",Title,Default Title,52656000
hoop-earrings-with-cubic-zirconia-18k-gold-plated-52677006,18K Gold-Plated Hoop Earrings with Cubic Zirconia Drops,Earrings,Apparel & Accessories > Jewelry > Earrings,"18k gold plated, hoops, cubic zirconia",Hoop Earrings with Cubic Zirconia Drops – 18K Gold Plated,"Hoop earrings with cubic zirconia drops by Rommanel, plated in 18K gold. Nickel-free and hypoallergenic. Shipped Australia-wide from Perth.",Title,Default Title,52677006
18k-gold-plated-heart-earrings-52754600,18K Gold-Plated Beaded Heart Stud Earrings,Earrings,Apparel & Accessories > Jewelry > Earrings,"18k gold plated, love, heart, studs",Beaded Heart Stud Earrings – 18K Gold Plated | Rommanel,"Beaded heart stud earrings by Rommanel, plated in 18K gold. Nickel-free and hypoallergenic. Shipped Australia-wide from Perth.",Title,Default Title,52754600
lotso-and-strawberry-bracelet-18k-gold-plated-with-resin-application-552191,18K Gold-Plated Lotso and Strawberry Bracelet,Bracelets,Apparel & Accessories > Jewelry > Bracelets,"18k gold plated, kids, resin",Lotso and Strawberry Bracelet – 18K Gold Plated | Rommanel,"Lotso and strawberry bracelet by Rommanel, plated in 18K gold. A sweet first-jewellery gift. Shipped Australia-wide from Perth.",Title,Default Title,552191
18k-gold-plated-boy-pendant-with-zirconia-5419260006,18K Gold-Plated Boy on a Swing Pendant with Cubic Zirconia,Pendants,Apparel & Accessories > Jewelry > Charms & Pendants > Pendants,"18k gold plated, family, boy, cubic zirconia",Boy on a Swing Pendant with Cubic Zirconia – 18K Gold Plated,"Boy on a swing pendant with cubic zirconia by Rommanel, plated in 18K gold. A gift for mum to keep her loved ones close. Shipped Australia-wide from Perth.",Title,Default Title,5419260006
18k-gold-plated-starfish-earrings-5276090000,18K Gold-Plated Starfish Stud Earrings,Earrings,Apparel & Accessories > Jewelry > Earrings,"18k gold plated, nature, starfish, studs",Starfish Stud Earrings – 18K Gold Plated | Rommanel,"Starfish stud earrings by Rommanel, plated in 18K gold. Nickel-free and hypoallergenic. Shipped Australia-wide from Perth.",Title,Default Title,5276090000
18k-gold-plated-skinny-infinity-ring-5136231400,18K Gold-Plated Skinny Infinity Ring,Rings,Apparel & Accessories > Jewelry > Rings,"18k gold plated, stacking",Skinny Infinity Ring – 18K Gold Plated | Rommanel,"Skinny infinity ring by Rommanel, plated in 18K gold. Nickel-free and hypoallergenic. Shipped Australia-wide from Perth.",Title,Default Title,5136231400
double-band-ring-plated-in-18k-gold-with-spheres-and-cubic-zirconia-5135511206,18K Gold-Plated Double Band Ring with Spheres and Cubic Zirconia,Rings,Apparel & Accessories > Jewelry > Rings,"18k gold plated, stacking, cubic zirconia",Double Band Ring with Spheres and Cubic Zirconia – 18K Gold Plated,"Double band ring with spheres and cubic zirconia by Rommanel, plated in 18K gold. Nickel-free and hypoallergenic. Shipped Australia-wide from Perth.",Title,Default Title,5135511206
skinny-butterfly-ring-plated-in-18k-gold-with-cubic-zirconia-5134831606,18K Gold-Plated Skinny Butterfly Ring with Cubic Zirconia,Rings,Apparel & Accessories > Jewelry > Rings,"18k gold plated, butterfly, stacking, cubic zirconia",Skinny Butterfly Ring with Cubic Zirconia – 18K Gold Plated,"Skinny butterfly ring with cubic zirconia by Rommanel, plated in 18K gold. Nickel-free and hypoallergenic. Shipped Australia-wide from Perth.",Title,Default Title,5134831606
choker-with-customizable-pendant-plate-18k-gold-plated-5326235000,18K Gold-Plated Personalised Bar Necklace,Necklaces,Apparel & Accessories > Jewelry > Necklaces,"18k gold plated, personalised",Personalised Bar Necklace – 18K Gold Plated | Rommanel,"Personalised bar necklace by Rommanel, plated in 18K gold. Nickel-free and hypoallergenic. Shipped Australia-wide from Perth.",Title,Default Title,5326235000
brinco-coracao-banhado-a-ouro-18k-com-cristais-522372,18K Gold-Plated Heart Crystal Earrings,Earrings,Apparel & Accessories > Jewelry > Earrings,"18k gold plated, love, heart, crystal",Heart Crystal Earrings – 18K Gold Plated | Rommanel,"Heart crystal earrings by Rommanel, plated in 18K gold. Nickel-free and hypoallergenic. Shipped Australia-wide from Perth.",Title,Default Title,522372
18k-gold-plated-earrings-with-crystals-and-synthetic-pearls-52395112,18K Gold-Plated Crystal and Pearl Drop Earrings,Earrings,Apparel & Accessories > Jewelry > Earrings,"18k gold plated, pearl, crystal",Crystal and Pearl Drop Earrings – 18K Gold Plated | Rommanel,"Crystal and pearl drop earrings by Rommanel, plated in 18K gold. Nickel-free and hypoallergenic. Shipped Australia-wide from Perth.",Title,Default Title,52395112
curved-earring-with-cubic-zirconia-18k-gold-plated-52751906,18K Gold-Plated Curved Cubic Zirconia Earrings,Earrings,Apparel & Accessories > Jewelry > Earrings,"18k gold plated, statement, cubic zirconia",Curved Cubic Zirconia Earrings – 18K Gold Plated | Rommanel,"Curved cubic zirconia earrings by Rommanel, plated in 18K gold. Nickel-free and hypoallergenic. Shipped Australia-wide from Perth.",Title,Default Title,52751906
gargantilha-com-pingente-esfera-banhada-a-ouro-18k-53254900,"18K Gold-Plated Ball Pendant Necklace, 45 cm",Necklaces,Apparel & Accessories > Jewelry > Necklaces,18k gold plated,Ball Pendant Necklace 45 cm – 18K Gold Plated | Rommanel,"Ball pendant necklace by Rommanel, plated in 18K gold, 45 cm long. Nickel-free and hypoallergenic. Shipped Australia-wide from Perth.",Title,Default Title,53254900
gold-plated-butterfly-earring-with-zirconias-527326,18K Gold-Plated Pavé Butterfly Stud Earrings,Earrings,Apparel & Accessories > Jewelry > Earrings,"18k gold plated, butterfly, studs, cubic zirconia",Pavé Butterfly Stud Earrings – 18K Gold Plated | Rommanel,"Pavé butterfly stud earrings by Rommanel, plated in 18K gold. Nickel-free and hypoallergenic. Shipped Australia-wide from Perth.",Title,Default Title,527326
18k-gold-plated-triangle-earring-set-with-zirconias-52728406,18K Gold-Plated Triangle Stud and Hoop Earring Set,Earrings,Apparel & Accessories > Jewelry > Earrings,"18k gold plated, hoops, studs, cubic zirconia",Triangle Stud and Hoop Earring Set – 18K Gold Plated,"Triangle stud and hoop earring set by Rommanel, plated in 18K gold. Nickel-free and hypoallergenic. Shipped Australia-wide from Perth.",Title,Default Title,52728406
18k-gold-plated-half-hoop-earrings-527079,"18K Gold-Plated Ribbed Half Hoop Earrings, 1.3 cm",Earrings,Apparel & Accessories > Jewelry > Earrings,"18k gold plated, hoops",Ribbed Half Hoop Earrings 1.3 cm – 18K Gold Plated | Rommanel,"Ribbed half hoop earrings by Rommanel, plated in 18K gold, 1.3 cm. Nickel-free and hypoallergenic. Shipped Australia-wide from Perth.",Title,Default Title,527079
childrens-solitaire-earring-plated-in-18k-gold-with-crystals-52409206,Children's 18K Gold-Plated Star Stud Earrings with Crystal,Earrings,Apparel & Accessories > Jewelry > Earrings,"18k gold plated, kids, star, studs, crystal",Children's Star Stud Earrings with Crystal – 18K Gold Plated,"Children's star stud earrings with crystal by Rommanel, plated in 18K gold. A sweet first-jewellery gift. Shipped Australia-wide from Perth.",Title,Default Title,52409206
wavy-hoop-earring-plated-in-18k-gold-with-rhodium-plating-52038800,18K Gold-Plated Wavy Hoop Earrings with Rhodium Plating,Earrings,Apparel & Accessories > Jewelry > Earrings,"18k gold plated, hoops, two-tone",Wavy Hoop Earrings with Rhodium Plating – 18K Gold Plated,"Wavy hoop earrings by Rommanel, plated in 18K gold with rhodium details. Nickel-free and hypoallergenic. Shipped Australia-wide from Perth.",Title,Default Title,52038800
brinco-argola-banhado-a-ouro-18k-com-zirconias-52321406,18K Gold-Plated Huggie Hoop Earrings with Cubic Zirconia,Earrings,Apparel & Accessories > Jewelry > Earrings,"18k gold plated, hoops, cubic zirconia",Huggie Hoop Earrings with Cubic Zirconia – 18K Gold Plated,"Huggie hoop earrings with cubic zirconia by Rommanel, plated in 18K gold. Nickel-free and hypoallergenic. Shipped Australia-wide from Perth.",Title,Default Title,52321406
18k-gold-plated-hook-earring-with-spheres-527166,18K Gold-Plated Filigree Ball Drop Earrings,Earrings,Apparel & Accessories > Jewelry > Earrings,"18k gold plated, statement",Filigree Ball Drop Earrings – 18K Gold Plated | Rommanel,"Filigree ball drop earrings by Rommanel, plated in 18K gold. Nickel-free and hypoallergenic. Shipped Australia-wide from Perth.",Title,Default Title,527166
18k-gold-plated-choker-with-salamander-wire-531779,"18K Gold-Plated Salamander Chain Choker, 38 cm",Necklaces,Apparel & Accessories > Jewelry > Necklaces,"18k gold plated, chain, choker",Salamander Chain Choker 38 cm – 18K Gold Plated | Rommanel,"Salamander chain choker by Rommanel, plated in 18K gold, 38 cm long. Nickel-free and hypoallergenic. Shipped Australia-wide from Perth.",Title,Default Title,531779
double-link-bracelet-in-solid-925-silver-85011000,"925 Sterling Silver Double Link Bracelet, 19 cm",Bracelets,Apparel & Accessories > Jewelry > Bracelets,925 sterling silver,Double Link Bracelet 19 cm – Sterling Silver | Rommanel,"Double link bracelet by Rommanel, in solid 925 sterling silver, 19 cm long. Nickel-free and hypoallergenic. Shipped Australia-wide from Perth.",Title,Default Title,85011000
solid-925-sterling-silver-heart-solitaire-pendant-with-cubic-zirconia-84022533,925 Sterling Silver Red Heart Pendant with Cubic Zirconia,Pendants,Apparel & Accessories > Jewelry > Charms & Pendants > Pendants,"925 sterling silver, love, heart, cubic zirconia",Red Heart Pendant with Cubic Zirconia – Sterling Silver,"Red heart pendant with cubic zirconia by Rommanel, in solid 925 sterling silver. Add it to your favourite chain. Shipped Australia-wide from Perth.",Title,Default Title,84022533
925-sterling-silver-gourmet-link-necklace-830054,"925 Sterling Silver Gourmet Chain Necklace, 50 cm",Necklaces,Apparel & Accessories > Jewelry > Necklaces,"925 sterling silver, chain",Gourmet Chain Necklace 50 cm – Sterling Silver | Rommanel,"Gourmet chain necklace by Rommanel, in solid 925 sterling silver, 50 cm long. Nickel-free and hypoallergenic. Shipped Australia-wide from Perth.",Title,Default Title,830054
solid-925-sterling-silver-butterfly-earrings-82029000,925 Sterling Silver Beaded Butterfly Stud Earrings,Earrings,Apparel & Accessories > Jewelry > Earrings,"925 sterling silver, butterfly, studs",Beaded Butterfly Stud Earrings – Sterling Silver | Rommanel,"Beaded butterfly stud earrings by Rommanel, in solid 925 sterling silver. Nickel-free and hypoallergenic. Shipped Australia-wide from Perth.",Title,Default Title,82029000
solitaire-teardrop-earring-in-925-sterling-silver-with-cubic-zirconia-82026206,925 Sterling Silver Teardrop Cubic Zirconia Stud Earrings,Earrings,Apparel & Accessories > Jewelry > Earrings,"925 sterling silver, studs, cubic zirconia",Teardrop Cubic Zirconia Stud Earrings – Sterling Silver,"Teardrop cubic zirconia stud earrings by Rommanel, in solid 925 sterling silver. Nickel-free and hypoallergenic. Shipped Australia-wide from Perth.",Title,Default Title,82026206
butterfly-earring-in-925-sterling-silver-with-cubic-zirconia-stones-82023006,925 Sterling Silver Butterfly Stud Earrings with Cubic Zirconia,Earrings,Apparel & Accessories > Jewelry > Earrings,"925 sterling silver, butterfly, studs, cubic zirconia",Butterfly Stud Earrings with Cubic Zirconia – Sterling Silver,"Butterfly stud earrings with cubic zirconia by Rommanel, in solid 925 sterling silver. Nickel-free and hypoallergenic. Shipped Australia-wide from Perth.",Title,Default Title,82023006
3mm-925-sterling-silver-ball-earrings-82021200,"925 Sterling Silver Ball Stud Earrings, 3 mm",Earrings,Apparel & Accessories > Jewelry > Earrings,"925 sterling silver, studs, kids",Ball Stud Earrings 3 mm – Sterling Silver | Rommanel,"Ball stud earrings by Rommanel, in solid 925 sterling silver, 3 mm. A sweet first-jewellery gift. Shipped Australia-wide from Perth.",Title,Default Title,82021200
925-sterling-silver-hoop-earrings-with-cubic-zirconia-82016906,925 Sterling Silver Huggie Hoop Earrings with Cubic Zirconia,Earrings,Apparel & Accessories > Jewelry > Earrings,"925 sterling silver, hoops, cubic zirconia",Huggie Hoop Earrings with Cubic Zirconia – Sterling Silver,"Huggie hoop earrings with cubic zirconia by Rommanel, in solid 925 sterling silver. Nickel-free and hypoallergenic. Shipped Australia-wide from Perth.",Title,Default Title,82016906
childrens-crown-earrings-18k-gold-plated-52494800,Children's 18K Gold-Plated Crown Stud Earrings,Earrings,Apparel & Accessories > Jewelry > Earrings,"18k gold plated, kids, crown, studs",Children's Crown Stud Earrings – 18K Gold Plated | Rommanel,"Children's crown stud earrings by Rommanel, plated in 18K gold. A sweet first-jewellery gift. Shipped Australia-wide from Perth.",Title,Default Title,52494800
childrens-bird-earrings-18k-gold-plated-52409500,Children's 18K Gold-Plated Bird Drop Earrings,Earrings,Apparel & Accessories > Jewelry > Earrings,"18k gold plated, kids, nature, bird",Children's Bird Drop Earrings – 18K Gold Plated | Rommanel,"Children's bird drop earrings by Rommanel, plated in 18K gold. A sweet first-jewellery gift. Shipped Australia-wide from Perth.",Title,Default Title,52409500
18k-gold-plated-earrings-with-zirconias-52405106,18K Gold-Plated Pavé Heart Stud Earrings,Earrings,Apparel & Accessories > Jewelry > Earrings,"18k gold plated, love, heart, studs, cubic zirconia",Pavé Heart Stud Earrings – 18K Gold Plated | Rommanel,"Pavé heart stud earrings by Rommanel, plated in 18K gold. Nickel-free and hypoallergenic. Shipped Australia-wide from Perth.",Title,Default Title,52405106
18k-gold-plated-half-hoop-earring-with-zirconias-527094,18K Gold-Plated Pavé Half Hoop Earrings,Earrings,Apparel & Accessories > Jewelry > Earrings,"18k gold plated, hoops, cubic zirconia",Pavé Half Hoop Earrings – 18K Gold Plated | Rommanel,"Pavé half hoop earrings by Rommanel, plated in 18K gold. Nickel-free and hypoallergenic. Shipped Australia-wide from Perth.",Title,Default Title,527094
18k-gold-plated-half-hoop-earrings-52672600,"18K Gold-Plated Smooth Half Hoop Earrings, 1.3 cm",Earrings,Apparel & Accessories > Jewelry > Earrings,"18k gold plated, hoops",Smooth Half Hoop Earrings 1.3 cm – 18K Gold Plated | Rommanel,"Smooth half hoop earrings by Rommanel, plated in 18K gold, 1.3 cm. Nickel-free and hypoallergenic. Shipped Australia-wide from Perth.",Title,Default Title,52672600
childrens-bracelet-plated-in-18k-gold-with-beads-55010400,"Children's 18K Gold-Plated Bead Bracelet, 14 cm",Bracelets,Apparel & Accessories > Jewelry > Bracelets,"18k gold plated, kids",Children's Bead Bracelet 14 cm – 18K Gold Plated | Rommanel,"Children's bead bracelet by Rommanel, plated in 18K gold, 14 cm long. A sweet first-jewellery gift. Shipped Australia-wide from Perth.",Title,Default Title,551202
18k-gold-plated-choker-with-diamond-shaped-chain-53146800,"18K Gold-Plated Diamond-Shaped Link Necklace, 42 cm",Necklaces,Apparel & Accessories > Jewelry > Necklaces,"18k gold plated, chain",Diamond-Shaped Link Necklace 42 cm – 18K Gold Plated,"Diamond-shaped link necklace by Rommanel, plated in 18K gold, 42 cm long. Nickel-free and hypoallergenic. Shipped Australia-wide from Perth.",Title,Default Title,53146800
18k-gold-plated-choker-with-lock-chain-53163800,"18K Gold-Plated Fine Lock Chain Necklace, 42 cm",Necklaces,Apparel & Accessories > Jewelry > Necklaces,"18k gold plated, chain",Fine Lock Chain Necklace 42 cm – 18K Gold Plated | Rommanel,"Fine lock chain necklace by Rommanel, plated in 18K gold, 42 cm long. Nickel-free and hypoallergenic. Shipped Australia-wide from Perth.",Title,Default Title,53163800
butterfly-earring-plated-in-18k-gold-with-synthetic-stones-52756627,18K Gold-Plated Black Butterfly Stud Earrings,Earrings,Apparel & Accessories > Jewelry > Earrings,"18k gold plated, butterfly, studs",Black Butterfly Stud Earrings – 18K Gold Plated | Rommanel,"Black butterfly stud earrings by Rommanel, plated in 18K gold. Nickel-free and hypoallergenic. Shipped Australia-wide from Perth.",Title,Default Title,52756627
butterfly-earring-plated-in-18k-gold-with-synthetic-stones-52756506,18K Gold-Plated White Butterfly Stud Earrings,Earrings,Apparel & Accessories > Jewelry > Earrings,"18k gold plated, butterfly, studs",White Butterfly Stud Earrings – 18K Gold Plated | Rommanel,"White butterfly stud earrings by Rommanel, plated in 18K gold. Nickel-free and hypoallergenic. Shipped Australia-wide from Perth.",Title,Default Title,52756506
18k-gold-plated-dometer-earring-52747800,18K Gold-Plated Teardrop Stud Earrings,Earrings,Apparel & Accessories > Jewelry > Earrings,"18k gold plated, studs",Teardrop Stud Earrings – 18K Gold Plated | Rommanel,"Teardrop stud earrings by Rommanel, plated in 18K gold. Nickel-free and hypoallergenic. Shipped Australia-wide from Perth.",Title,Default Title,52747800
18k-gold-plated-earring-with-sphere-52047000,"18K Gold-Plated Ball Stud Earrings, 8 mm",Earrings,Apparel & Accessories > Jewelry > Earrings,"18k gold plated, studs",Ball Stud Earrings 8 mm – 18K Gold Plated | Rommanel,"Ball stud earrings by Rommanel, plated in 18K gold, 8 mm. Nickel-free and hypoallergenic. Shipped Australia-wide from Perth.",Title,Default Title,52047000
18k-gold-plated-sphere-earrings-52024600,"18K Gold-Plated Ball Stud Earrings, 4 mm",Earrings,Apparel & Accessories > Jewelry > Earrings,"18k gold plated, studs",Ball Stud Earrings 4 mm – 18K Gold Plated | Rommanel,"Ball stud earrings by Rommanel, plated in 18K gold, 4 mm. Nickel-free and hypoallergenic. Shipped Australia-wide from Perth.",Title,Default Title,52024600
18k-gold-plated-openwork-hoop-earrings-52317900,"18K Gold-Plated Openwork Hoop Earrings, 1.4 cm",Earrings,Apparel & Accessories > Jewelry > Earrings,"18k gold plated, hoops",Openwork Hoop Earrings 1.4 cm – 18K Gold Plated | Rommanel,"Openwork hoop earrings by Rommanel, plated in 18K gold, 1.4 cm. Nickel-free and hypoallergenic. Shipped Australia-wide from Perth.",Title,Default Title,52317900
18k-gold-plated-hoop-earrings-52290600,"18K Gold-Plated Plain Hoop Earrings, 1.7 cm",Earrings,Apparel & Accessories > Jewelry > Earrings,"18k gold plated, hoops",Plain Hoop Earrings 1.7 cm – 18K Gold Plated | Rommanel,"Plain hoop earrings by Rommanel, plated in 18K gold, 1.7 cm. Nickel-free and hypoallergenic. Shipped Australia-wide from Perth.",Title,Default Title,52290600
half-eternity-ring-in-925-silver-with-cubic-zirconia-81022806,925 Sterling Silver Half Eternity Ring with Cubic Zirconia,Rings,Apparel & Accessories > Jewelry > Rings,"925 sterling silver, stacking, cubic zirconia",Half Eternity Ring with Cubic Zirconia – Sterling Silver,"Half eternity ring with cubic zirconia by Rommanel, in solid 925 sterling silver. Available in Australian ring sizes. Shipped Australia-wide from Perth.",Size,N,
half-eternity-ring-in-925-silver-with-cubic-zirconia-81022806,,,,,,,,P,
half-eternity-ring-in-925-silver-with-cubic-zirconia-81022806,,,,,,,,R,
half-eternity-ring-in-925-silver-with-cubic-zirconia-81022806,,,,,,,,T1/2,
half-eternity-ring-in-925-silver-with-cubic-zirconia-81022806,,,,,,,,V1/2,
half-eternity-ring-in-925-silver-with-cubic-zirconia-81022806,,,,,,,,Y,
half-eternity-ring-in-925-silver-with-cubic-zirconia-81022806,,,,,,,,Z+1,
925-sterling-silver-gourmet-link-choker-830053,"925 Sterling Silver Gourmet Chain Necklace, 42 cm",Necklaces,Apparel & Accessories > Jewelry > Necklaces,"925 sterling silver, chain",Gourmet Chain Necklace 42 cm – Sterling Silver | Rommanel,"Gourmet chain necklace by Rommanel, in solid 925 sterling silver, 42 cm long. Nickel-free and hypoallergenic. Shipped Australia-wide from Perth.",Title,Default Title,830053
925-sterling-silver-teardrop-pendant-with-cubic-zirconia-8400480010,925 Sterling Silver Green Teardrop Pendant with Cubic Zirconia,Pendants,Apparel & Accessories > Jewelry > Charms & Pendants > Pendants,"925 sterling silver, cubic zirconia",Green Teardrop Pendant with Cubic Zirconia – Sterling Silver,"Green teardrop pendant with cubic zirconia by Rommanel, in solid 925 sterling silver. Add it to your favourite chain. Shipped Australia-wide from Perth.",Title,Default Title,8400480010
teardrop-earrings-in-925-sterling-silver-with-cubic-zirconia-82011810,925 Sterling Silver Green Teardrop Stud Earrings,Earrings,Apparel & Accessories > Jewelry > Earrings,"925 sterling silver, studs, cubic zirconia",Green Teardrop Stud Earrings – Sterling Silver | Rommanel,"Green teardrop stud earrings by Rommanel, in solid 925 sterling silver. Nickel-free and hypoallergenic. Shipped Australia-wide from Perth.",Title,Default Title,82011810
925-sterling-silver-solitaire-ring-with-cubic-zirconia-510139,925 Sterling Silver Solitaire Ring with Cubic Zirconia,Rings,Apparel & Accessories > Jewelry > Rings,"925 sterling silver, cubic zirconia",Solitaire Ring with Cubic Zirconia – Sterling Silver,"Solitaire ring with cubic zirconia by Rommanel, in solid 925 sterling silver. Available in Australian ring sizes. Shipped Australia-wide from Perth.",Ring size,N,
925-sterling-silver-solitaire-ring-with-cubic-zirconia-510139,,,,,,,,P,
925-sterling-silver-solitaire-ring-with-cubic-zirconia-510139,,,,,,,,R,
925-sterling-silver-solitaire-ring-with-cubic-zirconia-510139,,,,,,,,T1/2,
925-sterling-silver-solitaire-ring-with-cubic-zirconia-510139,,,,,,,,V1/2,
925-sterling-silver-solitaire-ring-with-cubic-zirconia-510139,,,,,,,,Y,
925-sterling-silver-solitaire-ring-with-cubic-zirconia-510139,,,,,,,,Z+1,
18k-gold-plated-solitaire-ring-with-zirconia-510139,18K Gold-Plated Solitaire Ring with Cubic Zirconia,Rings,Apparel & Accessories > Jewelry > Rings,"18k gold plated, cubic zirconia",Solitaire Ring with Cubic Zirconia – 18K Gold Plated,"Solitaire ring with cubic zirconia by Rommanel, plated in 18K gold. Available in Australian ring sizes. Shipped Australia-wide from Perth.",Ring size,N,
18k-gold-plated-solitaire-ring-with-zirconia-510139,,,,,,,,P,
18k-gold-plated-solitaire-ring-with-zirconia-510139,,,,,,,,R,
18k-gold-plated-solitaire-ring-with-zirconia-510139,,,,,,,,V1/2,
18k-gold-plated-solitaire-ring-with-zirconia-510139,,,,,,,,T1/2,
18k-gold-plated-solitaire-ring-with-zirconia-510139,,,,,,,,Y,
18k-gold-plated-solitaire-ring-with-zirconia-510139,,,,,,,,Z+1,
half-eternity-ring-plated-in-18k-gold-with-cubic-zirconia-511125,18K Gold-Plated Half Eternity Ring with Cubic Zirconia,Rings,Apparel & Accessories > Jewelry > Rings,"18k gold plated, stacking, cubic zirconia",Half Eternity Ring with Cubic Zirconia – 18K Gold Plated,"Half eternity ring with cubic zirconia by Rommanel, plated in 18K gold. Available in Australian ring sizes. Shipped Australia-wide from Perth.",Ring size,Y,
half-eternity-ring-plated-in-18k-gold-with-cubic-zirconia-511125,,,,,,,,R,
half-eternity-ring-plated-in-18k-gold-with-cubic-zirconia-511125,,,,,,,,Z+1,
half-eternity-ring-plated-in-18k-gold-with-cubic-zirconia-511125,,,,,,,,V1/2,
half-eternity-ring-plated-in-18k-gold-with-cubic-zirconia-511125,,,,,,,,T1/2,
half-eternity-ring-plated-in-18k-gold-with-cubic-zirconia-511125,,,,,,,,N,
half-eternity-ring-plated-in-18k-gold-with-cubic-zirconia-511125,,,,,,,,P,
18k-gold-plated-ring-with-zirconias-511384,18K Gold-Plated Pavé Disc Ring,Rings,Apparel & Accessories > Jewelry > Rings,"18k gold plated, cubic zirconia",Pavé Disc Ring – 18K Gold Plated | Rommanel,"Pavé disc ring by Rommanel, plated in 18K gold. Available in Australian ring sizes. Nickel-free and hypoallergenic. Shipped Australia-wide from Perth.",Ring size,P,
18k-gold-plated-ring-with-zirconias-511384,,,,,,,,N,
18k-gold-plated-ring-with-zirconias-511384,,,,,,,,Y,
18k-gold-plated-ring-with-zirconias-511384,,,,,,,,R,
18k-gold-plated-ring-with-zirconias-511384,,,,,,,,Z+1,
18k-gold-plated-ring-with-zirconias-511384,,,,,,,,V1/2,
18k-gold-plated-ring-with-zirconias-511384,,,,,,,,T1/2,
18k-gold-plated-ring-with-crystal-and-zirconias-511482,18K Gold-Plated Red Crystal Halo Ring,Rings,Apparel & Accessories > Jewelry > Rings,"18k gold plated, statement, cubic zirconia, crystal",Red Crystal Halo Ring – 18K Gold Plated | Rommanel,"Red crystal halo ring by Rommanel, plated in 18K gold. Available in Australian ring sizes. Shipped Australia-wide from Perth.",Ring size,P,
18k-gold-plated-ring-with-crystal-and-zirconias-511482,,,,,,,,Y,
18k-gold-plated-ring-with-crystal-and-zirconias-511482,,,,,,,,R,
18k-gold-plated-ring-with-crystal-and-zirconias-511482,,,,,,,,Z+1,
18k-gold-plated-ring-with-crystal-and-zirconias-511482,,,,,,,,V1/2,
18k-gold-plated-ring-with-crystal-and-zirconias-511482,,,,,,,,T1/2,
18k-gold-plated-ring-with-crystal-and-zirconias-511482,,,,,,,,N,
18k-gold-plated-heart-bracelet-55206200,"18K Gold-Plated Heart Link Bracelet, 19 cm",Bracelets,Apparel & Accessories > Jewelry > Bracelets,"18k gold plated, love, heart",Heart Link Bracelet 19 cm – 18K Gold Plated | Rommanel,"Heart link bracelet by Rommanel, plated in 18K gold, 19 cm long. Nickel-free and hypoallergenic. Shipped Australia-wide from Perth.",Title,Default Title,55206200
adjustable-18k-gold-plated-choker-necklace-with-cubic-zirconia-53218506,18K Gold-Plated Y Necklace with Cubic Zirconia,Necklaces,Apparel & Accessories > Jewelry > Necklaces,"18k gold plated, cubic zirconia",Y Necklace with Cubic Zirconia – 18K Gold Plated | Rommanel,"Y necklace with cubic zirconia by Rommanel, plated in 18K gold. Nickel-free and hypoallergenic. Shipped Australia-wide from Perth.",Title,Default Title,53218506
18k-gold-plated-hoop-earrings-52403200,"18K Gold-Plated Textured Hoop Earrings, 1.1 cm",Earrings,Apparel & Accessories > Jewelry > Earrings,"18k gold plated, hoops",Textured Hoop Earrings 1.1 cm – 18K Gold Plated | Rommanel,"Textured hoop earrings by Rommanel, plated in 18K gold, 1.1 cm. Nickel-free and hypoallergenic. Shipped Australia-wide from Perth.",Title,Default Title,52403200
18k-gold-plated-hoop-earrings-with-rhodium-plating-52383000,"18K Gold-Plated Hoop Earrings with Rhodium Plating, 1.9 cm",Earrings,Apparel & Accessories > Jewelry > Earrings,"18k gold plated, hoops, two-tone",Hoop Earrings with Rhodium Plating 1.9 cm – 18K Gold Plated,"Hoop earrings by Rommanel, plated in 18K gold with rhodium details, 1.9 cm. Nickel-free and hypoallergenic. Shipped Australia-wide from Perth.",Title,Default Title,52383000
round-earrings-plated-in-18k-gold-with-cubic-zirconia-526945,18K Gold-Plated Round Pavé Stud Earrings,Earrings,Apparel & Accessories > Jewelry > Earrings,"18k gold plated, studs, cubic zirconia",Round Pavé Stud Earrings – 18K Gold Plated | Rommanel,"Round pavé stud earrings by Rommanel, plated in 18K gold. Nickel-free and hypoallergenic. Shipped Australia-wide from Perth.",Title,Default Title,526945
18k-gold-plated-solitaire-earring-set-526223,"18K Gold-Plated Solitaire Stud Earring Set, 2 Pairs",Earrings,Apparel & Accessories > Jewelry > Earrings,"18k gold plated, studs, cubic zirconia",Solitaire Stud Earring Set 2 Pairs – 18K Gold Plated,"Solitaire stud earring set (2 pairs) by Rommanel, plated in 18K gold. Nickel-free and hypoallergenic. Shipped Australia-wide from Perth.",Title,Default Title,526223
arrow-earring-and-heart-solitaire-set-18k-gold-plated-with-cubic-zirconia-527488,18K Gold-Plated Arrow and Heart Stud Earring Set,Earrings,Apparel & Accessories > Jewelry > Earrings,"18k gold plated, love, heart, studs, cubic zirconia",Arrow and Heart Stud Earring Set – 18K Gold Plated | Rommanel,"Arrow and heart stud earring set by Rommanel, plated in 18K gold. Nickel-free and hypoallergenic. Shipped Australia-wide from Perth.",Title,Default Title,527488
18k-gold-plated-ring-51194500,18K Gold-Plated Wide Twisted Band Ring,Rings,Apparel & Accessories > Jewelry > Rings,"18k gold plated, statement",Wide Twisted Band Ring – 18K Gold Plated | Rommanel,"Wide twisted band ring by Rommanel, plated in 18K gold. Available in Australian ring sizes. Shipped Australia-wide from Perth.",Ring size,Y,
18k-gold-plated-ring-51194500,,,,,,,,R,
18k-gold-plated-ring-51194500,,,,,,,,Z+1,
18k-gold-plated-ring-51194500,,,,,,,,V1/2,
18k-gold-plated-ring-51194500,,,,,,,,T1/2,
18k-gold-plated-ring-51194500,,,,,,,,N,
18k-gold-plated-ring-51194500,,,,,,,,P,
925-sterling-silver-teardrop-hoop-earrings-820233,925 Sterling Silver Teardrop Hoop Earrings,Earrings,Apparel & Accessories > Jewelry > Earrings,"925 sterling silver, hoops",Teardrop Hoop Earrings – Sterling Silver | Rommanel,"Teardrop hoop earrings by Rommanel, in solid 925 sterling silver. Nickel-free and hypoallergenic. Shipped Australia-wide from Perth.",Title,Default Title,820233
necklace-with-teardrop-pendant-in-solid-925-sterling-silver-830117,"925 Sterling Silver Teardrop Pendant Necklace, 50 cm",Necklaces,Apparel & Accessories > Jewelry > Necklaces,"925 sterling silver, cubic zirconia",Teardrop Pendant Necklace 50 cm – Sterling Silver | Rommanel,"Teardrop pendant necklace by Rommanel, in solid 925 sterling silver, 50 cm long. Nickel-free and hypoallergenic. Shipped Australia-wide from Perth.",Title,Default Title,830117
18k-gold-plated-bracelet-with-crystals-552102,18K Gold-Plated Crystal Tennis Bracelet,Bracelets,Apparel & Accessories > Jewelry > Bracelets,"18k gold plated, crystal",Crystal Tennis Bracelet – 18K Gold Plated | Rommanel,"Crystal tennis bracelet by Rommanel, plated in 18K gold. Nickel-free and hypoallergenic. Shipped Australia-wide from Perth.",Title,Default Title,552102
mother-of-a-boy-bracelet-18k-gold-plated-with-cubic-zirconia-552003,18K Gold-Plated Mother of a Boy Bracelet,Bracelets,Apparel & Accessories > Jewelry > Bracelets,"18k gold plated, family, mum, boy, cubic zirconia",Mother of a Boy Bracelet – 18K Gold Plated | Rommanel,"Mother of a boy bracelet by Rommanel, plated in 18K gold. A gift for mum to keep her loved ones close. Shipped Australia-wide from Perth.",Title,Default Title,552003
best-friends-pendant-18k-gold-plated-with-resin-application-542438,18K Gold-Plated Best Friends Rainbow Pendants,Pendants,Apparel & Accessories > Jewelry > Charms & Pendants > Pendants,"18k gold plated, friendship, resin",Best Friends Rainbow Pendants – 18K Gold Plated | Rommanel,"Best Friends rainbow pendants by Rommanel, plated in 18K gold. Add them to your favourite chains. Shipped Australia-wide from Perth.",Title,Default Title,542438
square-solitaire-earring-plated-in-18k-gold-526703,18K Gold-Plated Blue Square Crystal Stud Earrings,Earrings,Apparel & Accessories > Jewelry > Earrings,"18k gold plated, studs, crystal",Blue Square Crystal Stud Earrings – 18K Gold Plated | Rommanel,"Blue square crystal stud earrings by Rommanel, plated in 18K gold. Nickel-free and hypoallergenic. Shipped Australia-wide from Perth.",Title,Default Title,526703
18k-gold-plated-clip-on-earring-with-crystal-and-zirconias-526340,18K Gold-Plated Green Crystal Clip-On Ear Cuff,Earrings,Apparel & Accessories > Jewelry > Earrings,"18k gold plated, ear cuff, crystal, cubic zirconia",Green Crystal Clip-On Ear Cuff – 18K Gold Plated | Rommanel,"Green crystal clip-on ear cuff by Rommanel, plated in 18K gold. Nickel-free and hypoallergenic. Shipped Australia-wide from Perth.",Title,Default Title,526340
18k-gold-plated-half-hoop-earrings-with-zirconias-526808,18K Gold-Plated Green Cubic Zirconia Half Hoop Earrings,Earrings,Apparel & Accessories > Jewelry > Earrings,"18k gold plated, hoops, cubic zirconia",Green Cubic Zirconia Half Hoop Earrings – 18K Gold Plated,"Green cubic zirconia half hoop earrings by Rommanel, plated in 18K gold. Nickel-free and hypoallergenic. Shipped Australia-wide from Perth.",Title,Default Title,526808
18k-gold-plated-ring-with-crystal-513403,18K Gold-Plated Blue Crystal Double Band Ring,Rings,Apparel & Accessories > Jewelry > Rings,"18k gold plated, statement, crystal",Blue Crystal Double Band Ring – 18K Gold Plated | Rommanel,"Blue crystal double band ring by Rommanel, plated in 18K gold. Available in Australian ring sizes. Shipped Australia-wide from Perth.",Ring size,Y,
18k-gold-plated-ring-with-crystal-513403,,,,,,,,R,
18k-gold-plated-ring-with-crystal-513403,,,,,,,,Z+1,
18k-gold-plated-ring-with-crystal-513403,,,,,,,,V1/2,
18k-gold-plated-ring-with-crystal-513403,,,,,,,,T1/2,
18k-gold-plated-ring-with-crystal-513403,,,,,,,,N,
18k-gold-plated-ring-with-crystal-513403,,,,,,,,P,
18k-gold-plated-heart-solitaire-ring-513230,18K Gold-Plated Black Heart Solitaire Ring,Rings,Apparel & Accessories > Jewelry > Rings,"18k gold plated, love, heart, crystal",Black Heart Solitaire Ring – 18K Gold Plated | Rommanel,"Black heart solitaire ring by Rommanel, plated in 18K gold. Available in Australian ring sizes. Shipped Australia-wide from Perth.",Ring size,Y,
18k-gold-plated-heart-solitaire-ring-513230,,,,,,,,R,
18k-gold-plated-heart-solitaire-ring-513230,,,,,,,,Z+1,
18k-gold-plated-heart-solitaire-ring-513230,,,,,,,,V1/2,
18k-gold-plated-heart-solitaire-ring-513230,,,,,,,,T1/2,
18k-gold-plated-heart-solitaire-ring-513230,,,,,,,,N,
18k-gold-plated-heart-solitaire-ring-513230,,,,,,,,P,
18k-gold-plated-ring-with-zirconias-and-crystal-513017,18K Gold-Plated Blue Crystal Ring with Cubic Zirconia,Rings,Apparel & Accessories > Jewelry > Rings,"18k gold plated, statement, cubic zirconia, crystal",Blue Crystal Ring with Cubic Zirconia – 18K Gold Plated,"Blue crystal ring with cubic zirconia by Rommanel, plated in 18K gold. Available in Australian ring sizes. Shipped Australia-wide from Perth.",Ring size,Y,
18k-gold-plated-ring-with-zirconias-and-crystal-513017,,,,,,,,R,
18k-gold-plated-ring-with-zirconias-and-crystal-513017,,,,,,,,Z+1,
18k-gold-plated-ring-with-zirconias-and-crystal-513017,,,,,,,,V1/2,
18k-gold-plated-ring-with-zirconias-and-crystal-513017,,,,,,,,T1/2,
18k-gold-plated-ring-with-zirconias-and-crystal-513017,,,,,,,,N,
18k-gold-plated-ring-with-zirconias-and-crystal-513017,,,,,,,,P,
18k-gold-plated-butterfly-bracelet-with-acrylic-stones-55218306,18K Gold-Plated Butterfly Bracelet with White Stones,Bracelets,Apparel & Accessories > Jewelry > Bracelets,"18k gold plated, butterfly, resin",Butterfly Bracelet with White Stones – 18K Gold Plated,"Butterfly bracelet with white stones by Rommanel, plated in 18K gold. Nickel-free and hypoallergenic. Shipped Australia-wide from Perth.",Title,Default Title,55218306
18k-gold-plated-bracelet-55127100,18K Gold-Plated Twisted Oval Link Bracelet,Bracelets,Apparel & Accessories > Jewelry > Bracelets,18k gold plated,Twisted Oval Link Bracelet – 18K Gold Plated | Rommanel,"Twisted oval link bracelet by Rommanel, plated in 18K gold. Nickel-free and hypoallergenic. Shipped Australia-wide from Perth.",Title,Default Title,55127100
18k-gold-plated-butterfly-pendant-with-zirconia-54267824,18K Gold-Plated Butterfly Pendant with Purple Cubic Zirconia,Pendants,Apparel & Accessories > Jewelry > Charms & Pendants > Pendants,"18k gold plated, butterfly, cubic zirconia",Butterfly Pendant with Purple Cubic Zirconia – 18K Gold Plated,"Butterfly pendant with purple cubic zirconia by Rommanel, plated in 18K gold. Add it to your favourite chain. Shipped Australia-wide from Perth.",Title,Default Title,54267824
18k-gold-plated-cinderella-dress-pendant-54282303,18K Gold-Plated Cinderella Dress Pendant,Pendants,Apparel & Accessories > Jewelry > Charms & Pendants > Pendants,"18k gold plated, disney, kids, resin",Cinderella Dress Pendant – 18K Gold Plated | Rommanel,"Cinderella dress pendant by Rommanel, plated in 18K gold. A sweet first-jewellery gift. Nickel-free and hypoallergenic. Shipped Australia-wide from Perth.",Title,Default Title,54282303
18k-gold-plated-venetian-chain-53171700,"18K Gold-Plated Venetian Bead Chain Necklace, 80 cm",Necklaces,Apparel & Accessories > Jewelry > Necklaces,"18k gold plated, chain",Venetian Bead Chain Necklace 80 cm – 18K Gold Plated,"Venetian bead chain necklace by Rommanel, plated in 18K gold, 80 cm long. Nickel-free and hypoallergenic. Shipped Australia-wide from Perth.",Title,Default Title,53171700
18k-gold-plated-necklace-with-heart-set-with-zirconia-stones-53159806,"18K Gold-Plated Pavé Heart Pendant Necklace, 50 cm",Necklaces,Apparel & Accessories > Jewelry > Necklaces,"18k gold plated, love, heart, cubic zirconia",Pavé Heart Pendant Necklace 50 cm – 18K Gold Plated | Rommanel,"Pavé heart pendant necklace by Rommanel, plated in 18K gold, 50 cm long. Nickel-free and hypoallergenic. Shipped Australia-wide from Perth.",Title,Default Title,53159806
18k-gold-plated-piastrine-necklace-53115500,"18K Gold-Plated Piastrine Chain Necklace, 42 cm",Necklaces,Apparel & Accessories > Jewelry > Necklaces,"18k gold plated, chain",Piastrine Chain Necklace 42 cm – 18K Gold Plated | Rommanel,"Piastrine chain necklace by Rommanel, plated in 18K gold, 42 cm long. Nickel-free and hypoallergenic. Shipped Australia-wide from Perth.",Title,Default Title,53115500
18k-gold-plated-cinderella-shoe-earring-with-zirconia-52729303,18K Gold-Plated Cinderella Slipper Earrings,Earrings,Apparel & Accessories > Jewelry > Earrings,"18k gold plated, disney, kids, cubic zirconia, resin",Cinderella Slipper Earrings – 18K Gold Plated | Rommanel,"Cinderella slipper earrings by Rommanel, plated in 18K gold. A sweet first-jewellery gift. Shipped Australia-wide from Perth.",Title,Default Title,52729303
18k-gold-plated-bracelet-made-up-of-oval-links-55102600,18K Gold-Plated Oval Link Bracelet,Bracelets,Apparel & Accessories > Jewelry > Bracelets,18k gold plated,Oval Link Bracelet – 18K Gold Plated | Rommanel,"Oval link bracelet by Rommanel, plated in 18K gold. Nickel-free and hypoallergenic. Shipped Australia-wide from Perth.",Title,Default Title,55102600
18k-gold-plated-bracelet-with-hearts-55068300,"18K Gold-Plated Open Heart Bracelet, 19 cm",Bracelets,Apparel & Accessories > Jewelry > Bracelets,"18k gold plated, love, heart",Open Heart Bracelet 19 cm – 18K Gold Plated | Rommanel,"Open heart bracelet by Rommanel, plated in 18K gold, 19 cm long. Nickel-free and hypoallergenic. Shipped Australia-wide from Perth.",Title,Default Title,55068300
18k-gold-plated-bracelet-with-balls-55019500,18K Gold-Plated Ball Bracelet,Bracelets,Apparel & Accessories > Jewelry > Bracelets,18k gold plated,Ball Bracelet – 18K Gold Plated | Rommanel,"Ball bracelet by Rommanel, plated in 18K gold. Nickel-free and hypoallergenic. Shipped Australia-wide from Perth.",Title,Default Title,55019500
18k-gold-plated-pendant-in-the-shape-of-a-boy-with-zirconia-54214306,18K Gold-Plated Pavé Boy Pendant,Pendants,Apparel & Accessories > Jewelry > Charms & Pendants > Pendants,"18k gold plated, family, boy, cubic zirconia",Pavé Boy Pendant – 18K Gold Plated | Rommanel,"Pavé boy pendant by Rommanel, plated in 18K gold. A gift for mum to keep her loved ones close. Shipped Australia-wide from Perth.",Title,Default Title,54214306
18k-gold-plated-groumet-chain-necklace-53234600,"18K Gold-Plated Gourmet Chain Choker, 35 cm",Necklaces,Apparel & Accessories > Jewelry > Necklaces,"18k gold plated, chain, choker",Gourmet Chain Choker 35 cm – 18K Gold Plated | Rommanel,"Gourmet chain choker by Rommanel, plated in 18K gold, 35 cm long. Nickel-free and hypoallergenic. Shipped Australia-wide from Perth.",Title,Default Title,53234600
childrens-earring-plated-in-18k-gold-apple-shape-with-crystals-52523806,Children's 18K Gold-Plated Apple Stud Earrings with Crystal,Earrings,Apparel & Accessories > Jewelry > Earrings,"18k gold plated, kids, studs, crystal",Children's Apple Stud Earrings with Crystal – 18K Gold Plated,"Children's apple stud earrings with crystal by Rommanel, plated in 18K gold. A sweet first-jewellery gift. Shipped Australia-wide from Perth.",Title,Default Title,52523806
18k-gold-plated-hoop-earrings-with-rhodium-application-52512800,"18K Gold-Plated Hoop Earrings with Rhodium Plating, 1.6 cm",Earrings,Apparel & Accessories > Jewelry > Earrings,"18k gold plated, hoops, two-tone",Hoop Earrings with Rhodium Plating 1.6 cm – 18K Gold Plated,"Hoop earrings by Rommanel, plated in 18K gold with rhodium details, 1.6 cm. Nickel-free and hypoallergenic. Shipped Australia-wide from Perth.",Title,Default Title,52512800
18k-gold-plated-hoop-earrings-with-openheart-design-5233510000,18K Gold-Plated Open Heart Hoop Earrings,Earrings,Apparel & Accessories > Jewelry > Earrings,"18k gold plated, love, heart, hoops",Open Heart Hoop Earrings – 18K Gold Plated | Rommanel,"Open heart hoop earrings by Rommanel, plated in 18K gold. Nickel-free and hypoallergenic. Shipped Australia-wide from Perth.",Title,Default Title,52335100
18k-gold-plated-butterfly-earrings-52698900,18K Gold-Plated Textured Butterfly Stud Earrings,Earrings,Apparel & Accessories > Jewelry > Earrings,"18k gold plated, butterfly, studs",Textured Butterfly Stud Earrings – 18K Gold Plated | Rommanel,"Textured butterfly stud earrings by Rommanel, plated in 18K gold. Nickel-free and hypoallergenic. Shipped Australia-wide from Perth.",Title,Default Title,52698900
